Tournament,year,month,day,City,Date,Prize,Surface,Indoor_flag,Currency
Australian Hardcourt Championships,2000,1,3,adélaïde,3/01/2000,300173.9,Dur,0,$
Gold Flake Open,2000,1,3,chennai,3/01/2000,374062.86,Dur,0,$
Qatar Open,2000,1,3,doha,3/01/2000,900521.7,Dur,0,$
Heineken Open,2000,1,10,auckland,10/01/2000,300173.9,Dur,0,$
Sydney International,2000,1,10,sydney,10/01/2000,300173.9,Dur,0,$
Australian Open,2000,1,17,melbourne,17/01/2000,3569219.143,Dur,0,$
Dubai Open,2000,2,7,dubaï,7/02/2000,900521.7,Dur,0,$
Marseille Open,2000,2,7,marseille,7/02/2000,438715.7,Dur,1,$
Sybase Open,2000,2,7,san josé,7/02/2000,323264.2,Dur,1,$
Kroger St. Jude,2000,2,14,memphis,14/02/2000,646528.4,Dur,1,$
ABN AMRO World Tennis Tournament,2000,2,14,rotterdam,14/02/2000,692709,Dur,1,$
AXA Cup,2000,2,21,londres,21/02/2000,646528.4,Dur,1,$
Mexican Open,2000,2,21,mexico,21/02/2000,646528.4,Terre,0,$
Copenhagen Open,2000,2,28,copenhague,28/02/2000,300173.9,Dur,1,$
Citrix Tennis Championships,2000,2,28,delray beach,28/02/2000,300173.9,Dur,0,$
Chevrolet Cup,2000,2,28,santiago,28/02/2000,323264.2,Terre,0,$
Colombia Open,2000,3,6,bogota,6/03/2000,323264.2,Terre,0,$
Franklin Templeton Tennis Classic,2000,3,6,scottsdale,6/03/2000,323264.2,Dur,0,$
Indian Wells TMS,2000,3,13,indian wells,13/03/2000,2262849.4,Dur,0,$
Ericsson Open,2000,3,23,miami,20/03/2000,2493752.4,Dur,0,$
Galleryfurniture.com Tennis Challenge,2000,4,10,atlanta,10/04/2000,323264.2,Terre,0,$
Grand Prix Hassan II,2000,4,10,casablanca,10/04/2000,300173.9,Terre,0,$
Estoril Open,2000,4,10,estoril,10/04/2000,554167.2,Terre,0,$
Monte Carlo Masters,2000,4,17,monte-carlo,17/04/2000,2262849.4,Terre,0,$
Open Seat Godo,2000,4,24,barcelone,24/04/2000,831250.8,Terre,0,$
Mallorca Open,2000,5,1,palma de majorque,1/05/2000,438715.7,Terre,0,$
BMW Open,2000,5,1,munich,1/05/2000,346354.5,Terre,0,$
U.S. Clay Court Championships,2000,5,1,orlando,1/05/2000,300173.9,Terre,0,$
Rome TMS,2000,5,8,rome,8/05/2000,2262849.4,Terre,0,$
Hamburg TMS,2000,5,15,hambourg,15/05/2000,2262849.4,Terre,0,$
Internationaler Raiffeisen Grand Prix,2000,5,22,sankt pölten,22/05/2000,369444.8,Terre,0,$
French Open,2000,5,29,paris,29/05/2000,4215831.592,Terre,0,$
Gerry Weber Open,2000,6,12,halle (westf.),12/06/2000,900521.7,Gazon,0,$
Stella Artois,2000,6,12,londres,12/06/2000,715799.3,Gazon,0,$
Nottingham Open,2000,6,19,nottingham,19/06/2000,323264.2,Gazon,0,$
Heineken Trophy,2000,6,19,bois-le-duc,19/06/2000,346354.5,Gazon,0,$
Wimbledon,2000,6,26,wimbledon,26/06/2000,5139754.849,Gazon,0,$
Swedish Open,2000,7,10,båstad,10/07/2000,323264.2,Terre,0,$
Gstaad Open,2000,7,10,gstaad,10/07/2000,554167.2,Terre,0,$
Hall of Fame Championships,2000,7,10,newport (ri),10/07/2000,323264.2,Gazon,0,$
Dutch Open,2000,7,17,amsterdam,17/07/2000,346354.5,Terre,0,$
Mercedes Cup,2000,7,17,stuttgart,17/07/2000,831250.8,Terre,0,$
Croatia Open,2000,7,17,umag,17/07/2000,346354.5,Terre,0,$
Generali Open,2000,7,24,kitzbühel,24/07/2000,646528.4,Terre,0,$
Mercedes-Benz Cup,2000,7,24,los angeles,24/07/2000,323264.2,Dur,0,$
Tennis Int'l of San Marino,2000,7,24,saint-marin,24/07/2000,300173.9,Terre,0,$
Toronto TMS,2000,7,31,toronto,31/07/2000,2262849.4,Dur,0,$
Cincinnati TMS,2000,8,7,cincinnati,7/08/2000,2262849.4,Dur,0,$
RCA Championships,2000,8,14,indianapolis,14/08/2000,646528.4,Dur,0,$
Legg Mason Classic,2000,8,14,washington,14/08/2000,646528.4,Dur,0,$
The Hamlet Cup,2000,8,21,long island,21/08/2000,360393.4024,Dur,0,$
US Open,2000,8,28,flushing meadows,28/08/2000,5972998.804,Dur,0,$
Open Romania,2000,9,11,bucarest,11/09/2000,323264.2,Terre,0,$
President's Cup,2000,9,11,tachkent,11/09/2000,461806,Dur,0,$
Campionati Internazionali Di Sicilia,2000,9,25,palerme,25/09/2000,323264.2,Terre,0,$
Salem Open,2000,10,2,hong kong,2/10/2000,323264.2,Dur,0,$
Japan Open,2000,10,9,tokyo,9/10/2000,646528.4,Dur,0,$
CA Tennis Trophy,2000,10,9,vienne,9/10/2000,646528.4,Dur,1,$
Heineken Open Shanghai,2000,10,16,shanghai,16/10/2000,323264.2,Dur,0,$
adidas Open,2000,10,16,toulouse,16/10/2000,346354.5,Dur,1,$
Swiss Indoors,2000,10,23,bâle,23/10/2000,900521.7,Moquette,1,$
Kremlin Cup,2000,10,23,moscou,23/10/2000,900521.7,Moquette,1,$
Stuttgart TMS,2000,10,30,stuttgart,30/10/2000,2262849.4,Dur,1,$
Grand Prix de Lyon,2000,11,6,lyon,6/11/2000,715799.3,Moquette,1,$
St. Petersburg Open,2000,11,6,saint-pétersbourg,6/11/2000,715799.3,Dur,1,$
BNP Paribas,2000,11,13,paris,13/11/2000,2262849.4,Moquette,1,$
Samsung Open,2000,11,20,brighton,20/11/2000,346354.5,Dur,1,$
Stockholm Open,2000,11,20,stockholm,20/11/2000,715799.3,Dur,1,$
Masters Cup,2000,11,27,lisbonne,27/11/2000,3417364.4,Dur,1,$
AAPT Championships,2001,1,1,adélaïde,1/01/2001,313449.85,Dur,0,$
TATA Open,2001,1,1,chennai,1/01/2001,335839.125,Dur,0,$
Qatar Open,2001,1,1,doha,1/01/2001,873181.725,Dur,0,$
Heineken Open,2001,1,8,auckland,8/01/2001,313449.85,Dur,0,$
adidas International,2001,1,8,sydney,8/01/2001,335839.125,Dur,0,$
Australian Open,2001,1,15,melbourne,15/01/2001,3195677.642,Dur,0,$
Colombia Open,2001,1,29,bogota,28/01/2001,313449.85,Terre,0,$
Milan Indoors,2001,1,29,milan,29/01/2001,335839.125,Moquette,1,$
Copenhagen Open,2001,2,12,copenhague,12/02/2001,291060.575,Dur,1,$
Marseille Open,2001,2,12,marseille,12/02/2001,425396.225,Dur,1,$
Bellsouth Open,2001,2,12,viña del mar,12/02/2001,313449.85,Terre,0,$
Copa AT&T,2001,2,19,buenos aires,19/02/2001,537342.6,Terre,0,$
Kroger St. Jude,2001,2,19,memphis,19/02/2001,626899.7,Dur,1,$
ABN AMRO World Tennis Tournament,2001,2,19,rotterdam,19/02/2001,671678.25,Dur,1,$
Abierto Mexicano,2001,2,26,acapulco,26/02/2001,626899.7,Terre,0,$
Dubai Championships,2001,2,26,dubaï,26/02/2001,806013.9,Dur,0,$
Sybase Open,2001,2,26,san josé,26/02/2001,335839.125,Dur,1,$
Citrix Tennis Championships,2001,3,5,delray beach,5/03/2001,291060.575,Dur,0,$
Franklin Templeton Tennis Classic,2001,3,5,scottsdale,5/03/2001,335839.125,Dur,0,$
Indian Wells TMS,2001,3,12,indian wells,12/03/2001,2194148.95,Dur,0,$
Ericsson Open,2001,3,19,miami,21/03/2001,2597155.9,Dur,0,$
Grand Prix Hassan II,2001,4,9,casablanca,9/04/2001,291060.575,Terre,0,$
Estoril Open,2001,4,9,estoril,9/04/2001,537342.6,Terre,0,$
Monte Carlo Masters,2001,4,16,monte-carlo,16/04/2001,2194148.95,Terre,0,$
Verizon Tennis Challenge,2001,4,23,atlanta,23/04/2001,335839.125,Terre,0,$
Open Seat Godo,2001,4,23,barcelone,23/04/2001,806013.9,Terre,0,$
U.S. Men's Clay Court Championships,2001,4,30,houston,30/04/2001,291060.575,Terre,0,$
Mallorca Open,2001,4,30,palma de majorque,30/04/2001,425396.225,Terre,0,$
BMW Open,2001,4,30,munich,30/04/2001,335839.125,Terre,0,$
Rome TMS,2001,5,7,rome,7/05/2001,2194148.95,Terre,0,$
Hamburg TMS,2001,5,14,hambourg,14/05/2001,2194148.95,Terre,0,$
Internationaler Raiffeisen Grand Prix,2001,5,21,sankt pölten,21/05/2001,358228.4,Terre,0,$
French Open,2001,5,28,paris,28/05/2001,4209905.53,Terre,0,$
Gerry Weber Open,2001,6,11,halle (westf.),11/06/2001,873181.725,Gazon,0,$
Stella Artois,2001,6,11,londres,11/06/2001,694067.525,Gazon,0,$
Nottingham Open,2001,6,18,nottingham,18/06/2001,335839.125,Gazon,0,$
Heineken Trophy,2001,6,18,bois-le-duc,18/06/2001,335839.125,Gazon,0,$
Wimbledon,2001,6,25,wimbledon,25/06/2001,4904293.67,Gazon,0,$
Swedish Open,2001,7,9,båstad,9/07/2001,335839.125,Terre,0,$
Gstaad Open,2001,7,9,gstaad,9/07/2001,514953.325,Terre,0,$
Hall of Fame Championships,2001,7,9,newport (ri),9/07/2001,335839.125,Gazon,0,$
Dutch Open,2001,7,16,amsterdam,16/07/2001,335839.125,Terre,0,$
Mercedes Cup,2001,7,16,stuttgart,16/07/2001,626899.7,Terre,0,$
Croatia Open,2001,7,16,umag,16/07/2001,335839.125,Terre,0,$
Generali Open,2001,7,23,kitzbühel,23/07/2001,716456.8,Terre,0,$
Mercedes-Benz Cup,2001,7,23,los angeles,23/07/2001,335839.125,Dur,0,$
Idea Prokom Open,2001,7,23,sopot,23/07/2001,335839.125,Terre,0,$
Montreal TMS,2001,7,30,montréal,30/07/2001,2194148.95,Dur,0,$
Cincinnati TMS,2001,8,6,presented by t-mobile,6/08/2001,2194148.95,Dur,0,$
RCA Championships,2001,8,13,indianapolis,13/08/2001,626899.7,Dur,0,$
Legg Mason Classic,2001,8,13,washington,13/08/2001,626899.7,Dur,0,$
Hamlet Cup,2001,8,20,long island,20/08/2001,349451.8042,Dur,0,$
US Open,2001,8,27,flushing meadows,27/08/2001,5891066.038,Dur,0,$
Gelsor Open,2001,9,10,bucarest,10/09/2001,335839.125,Terre,0,$
Brasil Open,2001,9,10,costa do sauípe,10/09/2001,335839.125,Dur,0,$
President's Cup,2001,9,10,tachkent,10/09/2001,470174.775,Dur,0,$
Salem Open,2001,9,24,hong kong,24/09/2001,335839.125,Dur,0,$
Campionati Internazionali Di Sicilia,2001,9,24,palerme,24/09/2001,335839.125,Terre,0,$
Kremlin Cup,2001,10,1,moscou,1/10/2001,873181.725,Moquette,1,$
Japan Open,2001,10,1,tokyo,1/10/2001,626899.7,Dur,0,$
Grand Prix de Lyon,2001,10,8,lyon,8/10/2001,694067.525,Moquette,1,$
CA Tennis Trophy,2001,10,8,vienne,8/10/2001,626899.7,Dur,1,$
Stuttgart TMS,2001,10,15,stuttgart,15/10/2001,2194148.95,Dur,1,$
Swiss Indoors,2001,10,22,bâle,22/10/2001,873181.725,Moquette,1,$
St. Petersburg Open,2001,10,22,saint-pétersbourg,22/10/2001,694067.525,Dur,1,$
Stockholm Open,2001,10,22,stockholm,22/10/2001,694067.525,Dur,1,$
BNP Paribas,2001,10,29,paris,29/10/2001,2194148.95,Moquette,1,$
Masters Cup,2001,11,12,sydney,12/11/2001,3313612.7,Dur,1,$
Heineken Open,2002,1,7,auckland,7/01/2002,313930.568,Dur,0,$
adidas International,2002,1,7,sydney,7/01/2002,336624.344,Dur,0,$
Australian Open,2002,1,14,melbourne,14/01/2002,3713467.669,Dur,0,$
Milan Indoors,2002,1,28,milan,28/01/2002,336624.344,Moquette,1,$
Copenhagen Open,2002,2,11,copenhague,11/02/2002,336624.344,Dur,1,$
Marseille Open,2002,2,11,marseille,11/02/2002,426453.874,Dur,1,$
Bellsouth Open,2002,2,11,viña del mar,11/02/2002,336624.344,Terre,0,$
Copa AT&T,2002,2,18,buenos aires,18/02/2002,378229.6,Terre,0,$
Kroger St. Jude,2002,2,18,memphis,18/02/2002,661901.8,Dur,1,$
ABN AMRO World Tennis Tournament,2002,2,18,rotterdam,18/02/2002,674194.262,Dur,1,$
Abierto Mexicano,2002,2,25,acapulco,25/02/2002,661901.8,Terre,0,$
Dubai Championships,2002,2,25,dubaï,25/02/2002,851016.6,Dur,0,$
Sybase Open,2002,2,25,san josé,25/02/2002,354590.25,Dur,1,$
Citrix Tennis Championships,2002,3,4,delray beach,4/03/2002,354590.25,Dur,0,$
Franklin Templeton Tennis Classic,2002,3,4,scottsdale,4/03/2002,354590.25,Dur,0,$
Pacific Life Open,2002,3,11,indian wells,11/03/2002,2316656.3,Dur,0,$
NASDAQ-100 Open,2002,3,18,miami,18/03/2002,2907640.05,Dur,0,$
Grand Prix Hassan II,2002,4,8,casablanca,8/04/2002,336624.344,Terre,0,$
Estoril Open,2002,4,8,estoril,8/04/2002,562616.53,Terre,0,$
Monte Carlo Masters,2002,4,15,monte-carlo,15/04/2002,2201296.272,Terre,0,$
Open Seat Godo,2002,4,22,barcelone,22/04/2002,903023.17,Terre,0,$
U.S. Men's Clay Court Championships,2002,4,22,houston,22/04/2002,354590.25,Terre,0,$
Mallorca Open,2002,4,29,palma de majorque,29/04/2002,336624.344,Terre,0,$
BMW Open,2002,4,29,munich,29/04/2002,336624.344,Terre,0,$
Rome TMS,2002,5,6,rome,6/05/2002,2201296.272,Terre,0,$
Hamburg TMS,2002,5,13,hambourg,13/05/2002,2201296.272,Terre,0,$
Internationaler Raiffeisen Grand Prix,2002,5,20,sankt pölten,20/05/2002,336624.344,Terre,0,$
French Open,2002,5,27,paris,27/05/2002,4981790.66,Terre,0,$
Gerry Weber Open,2002,6,10,halle (westf.),10/06/2002,695942.464,Gazon,0,$
Queens Club,2002,6,10,londres,10/06/2002,695942.464,Gazon,0,$
Nottingham Open,2002,6,17,nottingham,17/06/2002,336624.344,Gazon,0,$
Ordina Open,2002,6,17,bois-le-duc,17/06/2002,336624.344,Gazon,0,$
Wimbledon,2002,6,24,wimbledon,24/06/2002,5731267.741,Gazon,0,$
Swedish Open,2002,7,8,båstad,8/07/2002,336624.344,Terre,0,$
Gstaad Open,2002,7,8,gstaad,8/07/2002,543705.05,Terre,0,$
Hall of Fame Championships,2002,7,8,newport (ri),8/07/2002,354590.25,Gazon,0,$
Energis Open,2002,7,15,amersfoort,15/07/2002,336624.344,Terre,0,$
Mercedes Cup,2002,7,15,stuttgart,15/07/2002,449147.65,Terre,0,$
Croatia Open,2002,7,15,umag,15/07/2002,336624.344,Terre,0,$
Generali Open,2002,7,22,kitzbühel,22/07/2002,808465.77,Terre,0,$
Mercedes-Benz Cup,2002,7,22,los angeles,22/07/2002,354590.25,Dur,0,$
Idea Prokom Open,2002,7,22,sopot,22/07/2002,336624.344,Terre,0,$
Toronto TMS,2002,7,29,toronto,29/07/2002,2316656.3,Dur,0,$
Cincinnati TMS,2002,8,5,cincinnati,5/08/2002,2316656.3,Dur,0,$
RCA Championships,2002,8,12,indianapolis,12/08/2002,661901.8,Dur,0,$
Legg Mason Classic,2002,8,12,washington,12/08/2002,661901.8,Dur,0,$
TD Waterhouse Cup,2002,8,19,long island,19/08/2002,430236.17,Dur,0,$
US Open,2002,8,26,flushing meadows,26/08/2002,6508385.842,Dur,0,$
Open Romania,2002,9,9,bucarest,9/09/2002,336624.344,Terre,0,$
Brasil Open,2002,9,9,costa do sauípe,9/09/2002,516283.404,Dur,0,$
President's Cup,2002,9,9,tachkent,9/09/2002,496426.35,Dur,0,$
Salem Open,2002,9,23,hong kong,23/09/2002,354590.25,Dur,0,$
Campionati Internazionali Di Sicilia,2002,9,23,palerme,23/09/2002,336624.344,Terre,0,$
Kremlin Cup,2002,9,30,moscou,30/09/2002,921934.65,Moquette,1,$
Japan Open,2002,9,30,tokyo,30/09/2002,661901.8,Dur,0,$
Grand Prix de Lyon,2002,10,7,lyon,7/10/2002,695942.464,Moquette,1,$
CA Tennis Trophy,2002,10,7,vienne,7/10/2002,723364.11,Dur,1,$
Madrid Masters,2002,10,14,madrid,14/10/2002,2201296.272,Dur,1,$
Swiss Indoors,2002,10,21,bâle,21/10/2002,921934.65,Moquette,1,$
St. Petersburg Open,2002,10,21,saint-pétersbourg,21/10/2002,921934.65,Dur,1,$
Stockholm Open,2002,10,21,stockholm,21/10/2002,590983.75,Dur,1,$
BNP Paribas,2002,10,28,paris,28/10/2002,2201296.272,Moquette,1,$
Masters Cup,2002,11,11,shanghai,11/11/2002,3498623.8,Dur,1,$
AAPT Championships,2002,12,30,adélaïde,31/12/2001,313930.568,Dur,0,$
AAPT Championships,2003,1,1,adélaïde,30/12/2002,375541.136,Dur,0,$
TATA Open,2002,12,30,chennai,31/12/2001,354590.25,Dur,0,$
TATA Open,2003,1,1,chennai,30/12/2002,401557.54,Dur,0,$
Qatar Exxon Mobil Open,2002,12,30,doha,31/12/2001,921934.65,Dur,0,$
Qatar Exxon Mobil Open,2003,1,1,doha,30/12/2002,1102869.3,Dur,0,$
Heineken Open,2003,1,6,auckland,6/01/2003,364229.656,Dur,0,$
adidas International,2003,1,6,sydney,6/01/2003,364229.656,Dur,0,$
Australian Open,2003,1,13,melbourne,13/01/2003,5499078.264,Dur,0,$
Breil ATP,2003,1,27,milan,27/01/2003,401557.54,Moquette,1,$
Open 13,2003,2,10,marseille,10/02/2003,537295.3,Dur,1,$
Siebel Open,2003,2,11,san josé,10/02/2003,401557.54,Dur,1,$
Bellsouth Open,2003,2,10,viña del mar,10/02/2003,361967.36,Terre,0,$
Copa AT&T,2003,2,17,buenos aires,17/02/2003,401557.54,Terre,0,$
Kroger St. Jude,2003,2,17,memphis,17/02/2003,752213.42,Dur,1,$
ABN AMRO World Tennis Tournament,2003,2,17,rotterdam,17/02/2003,904918.4,Dur,1,$
Abierto Mexicano,2003,2,24,acapulco,24/02/2003,752213.42,Terre,0,$
Copenhagen Open,2003,2,24,dubaï,24/02/2003,1102869.3,Dur,0,$
Dubai Championships,2003,2,24,copenhague,24/02/2003,401557.54,Dur,1,$
International Championships,2003,3,3,delray beach,3/03/2003,401557.54,Dur,0,$
Franklin Templeton Tennis Classic,2003,3,3,scottsdale,3/03/2003,401557.54,Dur,0,$
Pacific Life Open,2003,3,10,indian wells,10/03/2003,2488525.6,Dur,0,$
NASDAQ-100 Open,2003,3,19,miami,17/03/2003,3393444,Dur,0,$
Grand Prix Hassan II,2003,4,7,casablanca,7/04/2003,424180.5,Terre,0,$
Estoril Open,2003,4,7,estoril,7/04/2003,565574,Terre,0,$
Monte Carlo Masters,2003,4,14,monte-carlo,14/04/2003,2488525.6,Terre,0,$
Open Seat Godo,2003,4,21,barcelone,21/04/2003,1018033.2,Terre,0,$
U.S. Men's Clay Court Championships,2003,4,21,houston,21/04/2003,401557.54,Terre,0,$
BMW Open,2003,4,28,munich,28/04/2003,401557.54,Terre,0,$
CAM Open Comunidad Valenciana,2003,4,28,valence,28/04/2003,424180.5,Terre,0,$
Telecom Italia Masters Roma,2003,5,5,rome,5/05/2003,2488525.6,Terre,0,$
Hamburg TMS,2003,5,12,hambourg,12/05/2003,2488525.6,Terre,0,$
Internationaler Raiffeisen Grand Prix,2003,5,18,sankt pölten,19/05/2003,401557.54,Terre,0,$
French Open,2003,5,26,paris,26/05/2003,8147338.929,Terre,0,$
Gerry Weber Open,2003,6,9,halle (westf.),9/06/2003,876639.7,Gazon,0,$
Stella Artois,2003,6,9,londres,9/06/2003,904918.4,Gazon,0,$
Nottingham Open,2003,6,16,bois-le-duc,16/06/2003,401557.54,Gazon,0,$
Ordina Open,2003,6,16,nottingham,16/06/2003,401557.54,Gazon,0,$
Wimbledon,2003,6,23,wimbledon,23/06/2003,8177331.318,Gazon,0,$
Swedish Open,2003,7,7,båstad,7/07/2003,401557.54,Terre,0,$
Allianz Suisse Open,2003,7,7,gstaad,7/07/2003,593852.7,Terre,0,$
Hall of Fame Championships,2003,7,7,newport (ri),7/07/2003,401557.54,Gazon,0,$
Priority Telecom Dutch Open,2003,7,14,amersfoort,14/07/2003,401557.54,Terre,0,$
Mercedes Cup,2003,7,14,stuttgart,14/07/2003,752213.42,Terre,0,$
RCA Championships,2003,7,21,indianapolis,21/07/2003,650410.1,Dur,0,$
Generali Open,2003,7,21,kitzbühel,21/07/2003,1018033.2,Terre,0,$
Croatia Open,2003,7,21,umag,21/07/2003,424180.5,Terre,0,$
Mercedes-Benz Cup,2003,7,28,los angeles,28/07/2003,401557.54,Dur,0,$
Idea Prokom Open,2003,7,29,sopot,28/07/2003,537295.3,Terre,0,$
Legg Mason Classic,2003,7,28,washington,28/07/2003,650410.1,Dur,0,$
Montreal TMS,2003,8,4,montréal,4/08/2003,2488525.6,Dur,0,$
Western & Southern Financial Group Masters,2003,8,11,cincinnati,11/08/2003,2488525.6,Dur,0,$
TD Waterhouse Cup,2003,8,18,long island,18/08/2003,401557.54,Dur,0,$
US Open,2003,8,25,flushing meadows,25/08/2003,8298101.728,Dur,0,$
Brasil Open,2003,9,8,bucarest,8/09/2003,401557.54,Terre,0,$
Open Romania,2003,9,8,costa do sauípe,8/09/2003,401557.54,Dur,0,$
Thailand Open,2003,9,22,bangkok,22/09/2003,593852.7,Dur,1,$
Campionati Internazionali Di Sicilia,2003,9,22,palerme,22/09/2003,401557.54,Terre,0,$
Open de Moselle,2003,9,29,metz,29/09/2003,401557.54,Dur,1,$
Kremlin Cup,2003,9,29,moscou,29/09/2003,1102869.3,Moquette,1,$
Japan Open,2003,9,29,tokyo,29/09/2003,752213.42,Dur,0,$
Grand Prix de Lyon,2003,10,6,lyon,6/10/2003,876639.7,Moquette,1,$
CA Tennis Trophy,2003,10,6,vienne,6/10/2003,752213.42,Dur,1,$
Madrid Masters,2003,10,13,madrid,13/10/2003,2488525.6,Dur,1,$
Swiss Indoors,2003,10,21,bâle,20/10/2003,1102869.3,Moquette,1,$
St. Petersburg Open,2003,10,20,saint-pétersbourg,20/10/2003,1102869.3,Dur,1,$
Stockholm Open,2003,10,20,stockholm,20/10/2003,706967.5,Dur,1,$
BNP Paribas,2003,10,27,paris,27/10/2003,2488525.6,Moquette,1,$
Masters Cup,2003,11,10,houston,10/11/2003,4185247.6,Dur,0,$
AAPT Championships,2004,1,5,adélaïde,5/01/2004,441599.765,Dur,0,$
TATA Open,2004,1,5,chennai,5/01/2004,441599.765,Dur,0,$
Qatar Exxon Mobil Open,2004,1,5,doha,5/01/2004,1212844.425,Dur,0,$
Heineken Open,2004,1,11,auckland,12/01/2004,471454.397,Dur,0,$
adidas International,2004,1,12,sydney,12/01/2004,441599.765,Dur,0,$
Australian Open,2004,1,19,melbourne,19/01/2004,8379744.895,Dur,0,$
Indesit ATP Milano Indoor ,2004,2,10,san josé,9/02/2004,441599.765,Dur,1,$
Siebel Open,2004,2,9,viña del mar,9/02/2004,383134.444,Terre,0,$
Bellsouth Open,2004,2,9,milan,9/02/2004,441599.765,Moquette,1,$
ATP Buenos Aires 2004,2004,2,16,buenos aires,16/02/2004,441599.765,Terre,0,$
Kroger St. Jude,2004,2,16,memphis,16/02/2004,827222.095,Dur,1,$
ABN AMRO World Tennis Tournament,2004,2,16,rotterdam,16/02/2004,1002002.306,Dur,1,$
Brasil Open,2004,2,23,marseille,23/02/2004,746365.8,Dur,1,$
Open 13,2004,2,23,costa do sauípe,23/02/2004,441599.765,Terre,0,$
Abierto Mexicano,2004,3,1,acapulco,1/03/2004,779952.261,Terre,0,$
Dubai Championships,2004,3,1,dubaï,1/03/2004,1212844.425,Dur,0,$
Franklin Templeton Tennis Classic,2004,3,1,scottsdale,1/03/2004,441599.765,Dur,0,$
Pacific Life Open,2004,3,12,indian wells,8/03/2004,3145931.847,Dur,0,$
NASDAQ-100 Open,2004,3,24,miami,22/03/2004,3980617.6,Dur,0,$
Estoril Open,2004,4,12,estoril,12/04/2004,621971.5,Terre,0,$
U.S. Men's Clay Court Championships,2004,4,12,houston,12/04/2004,441599.765,Terre,0,$
CAM Open Comunidad Valenciana,2004,4,12,valence,12/04/2004,466478.625,Terre,0,$
Monte Carlo Masters,2004,4,19,monte-carlo,19/04/2004,2736674.6,Terre,0,$
Open Seat Godo,2004,4,26,barcelone,26/04/2004,1243943,Terre,0,$
BMW Open,2004,4,26,munich,26/04/2004,441599.765,Terre,0,$
Telecom Italia Masters Roma,2004,5,3,rome,3/05/2004,2736674.6,Terre,0,$
Hamburg TMS,2004,5,10,hambourg,10/05/2004,2736674.6,Terre,0,$
Grand Prix Hassan II,2004,5,16,casablanca,17/04/2004,441599.765,Terre,0,$
Internationaler Raiffeisen Grand Prix,2004,5,17,sankt pölten,17/05/2004,441599.765,Terre,0,$
French Open,2004,5,24,paris,24/05/2004,9282698.24,Terre,0,$
Gerry Weber Open,2004,6,7,halle (westf.),7/06/2004,954104.281,Gazon,0,$
Stella Artois,2004,6,7,londres,7/06/2004,954104.281,Gazon,0,$
Ordina Open,2004,6,14,bois-le-duc,14/06/2004,441599.765,Gazon,0,$
Nottingham Open,2004,6,14,nottingham,14/06/2004,441599.765,Gazon,0,$
Wimbledon,2004,6,21,wimbledon,21/06/2004,10360433.04,Gazon,0,$
Swedish Open,2004,7,5,båstad,5/07/2004,441599.765,Terre,0,$
Allianz Suisse Open,2004,7,5,gstaad,5/07/2004,653070.075,Terre,0,$
Hall of Fame Championships,2004,7,6,newport (ri),5/07/2004,441599.765,Gazon,0,$
Priority Telecom Dutch Open,2004,7,12,amersfoort,12/07/2004,441599.765,Terre,0,$
Mercedes-Benz Cup,2004,7,12,los angeles,12/07/2004,441599.765,Dur,0,$
Mercedes Cup,2004,7,12,stuttgart,12/07/2004,733926.37,Terre,0,$
RCA Championships,2004,7,19,indianapolis,19/07/2004,715267.225,Dur,0,$
Generali Open,2004,7,19,kitzbühel,19/07/2004,973793.4108,Terre,0,$
Croatia Open,2004,7,19,umag,19/07/2004,466478.625,Terre,0,$
Toronto TMS,2004,7,26,toronto,26/08/2004,3189469.852,Dur,0,$
Western & Southern Financial Group Masters,2004,8,2,cincinnati,2/08/2004,2736674.6,Dur,0,$
Idea Prokom Open,2004,8,9,sopot,9/08/2004,590872.925,Terre,0,$
Legg Mason Classic,2004,8,16,washington,16/08/2004,590872.925,Dur,0,$
TD Waterhouse Cup,2004,8,23,long island,23/08/2004,441599.765,Dur,0,$
US Open,2004,8,30,flushing meadows,30/08/2004,9573385.328,Dur,0,$
China Open,2004,9,13,pékin,13/09/2004,590872.925,Dur,0,$
Open Romania,2004,9,13,bucarest,13/09/2004,441599.765,Terre,0,$
International Championships,2004,9,13,delray beach,13/09/2004,441599.765,Dur,0,$
Thailand Open,2004,9,27,bangkok,27/09/2004,653070.075,Dur,1,$
Campionati Internazionali Di Sicilia,2004,9,27,palerme,27/09/2004,441599.765,Terre,0,$
Grand Prix de Lyon,2004,10,4,lyon,4/10/2004,954104.281,Moquette,1,$
Japan Open,2004,10,4,tokyo,4/10/2004,827222.095,Dur,0,$
Open de Moselle,2004,10,11,metz,11/10/2004,441599.765,Dur,1,$
Kremlin Cup,2004,10,11,moscou,11/10/2004,1212844.425,Moquette,1,$
CA Tennis Trophy,2004,10,11,vienne,11/10/2004,818514.494,Dur,1,$
Madrid Masters,2004,10,18,madrid,18/10/2004,2736674.6,Dur,1,$
Swiss Indoors,2004,10,26,bâle,25/10/2004,1212844.425,Moquette,1,$
St. Petersburg Open,2004,10,25,saint-pétersbourg,25/10/2004,1212844.425,Moquette,1,$
Stockholm Open,2004,10,25,stockholm,25/10/2004,777464.375,Dur,1,$
BNP Paribas,2004,11,1,paris,1/11/2004,2736674.6,Moquette,1,$
Masters Cup,2004,11,15,houston,15/11/2004,4602589.1,Dur,0,$
Next Generation Hardcourts,2005,1,3,adélaïde,3/01/2005,490180.916,Dur,0,$
TATA Open,2005,1,3,chennai,3/01/2005,441660.47,Dur,0,$
Qatar Exxon Mobil Open,2005,1,3,doha,3/01/2005,1213011.15,Dur,0,$
Heineken Open,2005,1,9,auckland,10/01/2005,498889.714,Dur,0,$
Medibank International,2005,1,10,sydney,10/01/2005,490180.916,Dur,0,$
Australian Open,2005,1,17,melbourne,17/01/2005,8389613.089,Dur,0,$
International Championships,2005,1,31,delray beach,31/01/2005,441660.47,Dur,0,$
Internazionali di Lombardia,2005,1,31,viña del mar,31/01/2005,441660.47,Terre,0,$
Bellsouth Open,2005,1,31,milan,31/01/2005,441660.47,Moquette,1,$
ATP Buenos Aires 2005,2005,2,7,buenos aires,7/02/2005,441660.47,Terre,0,$
Open 13,2005,2,7,marseille,7/02/2005,715365.55,Dur,1,$
SAP Open,2005,2,7,san josé,7/02/2005,441660.47,Dur,1,$
Brasil Open,2005,2,14,memphis,14/02/2005,827335.81,Dur,1,$
Regions Morgan Keegan Championships,2005,2,14,rotterdam,14/02/2005,1119702.6,Dur,1,$
ABN AMRO World Tennis Tournament,2005,2,14,costa do sauípe,14/02/2005,441660.47,Terre,0,$
Abierto Mexicano,2005,2,21,acapulco,21/02/2005,768862.452,Terre,0,$
Dubai Duty Free Men's Open,2005,2,21,dubaï,21/02/2005,1213011.15,Dur,0,$
Channel Open,2005,2,21,scottsdale,21/02/2005,441660.47,Dur,0,$
Pacific Life Open,2005,3,11,indian wells,7/03/2005,3389713.004,Dur,0,$
NASDAQ-100 Open,2005,3,23,miami,21/03/2005,3981164.8,Dur,0,$
Grand Prix Hassan II,2005,4,4,casablanca,4/04/2005,441660.47,Terre,0,$
Open de Tenis Comunidad Valenciana,2005,4,4,valence,4/04/2005,466542.75,Terre,0,$
Monte Carlo Masters,2005,4,11,monte-carlo,11/04/2005,2737050.8,Terre,0,$
Open Seat Godo,2005,4,18,barcelone,18/04/2005,1119702.6,Terre,0,$
U.S. Men's Clay Court Championships,2005,4,18,houston,18/04/2005,441660.47,Terre,0,$
Estoril Open,2005,4,25,estoril,25/04/2005,746468.4,Terre,0,$
BMW Open,2005,4,26,munich,25/04/2005,441660.47,Terre,0,$
Telecom Italia Masters Roma,2005,5,2,rome,2/05/2005,2737050.8,Terre,0,$
Hamburg TMS,2005,5,9,hambourg,9/05/2005,2737050.8,Terre,0,$
Internationaler Raiffeisen Grand Prix,2005,5,15,sankt pölten,16/05/2005,441660.47,Terre,0,$
French Open,2005,5,23,paris,23/05/2005,9943449.269,Terre,0,$
Gerry Weber Open,2005,6,6,halle (westf.),6/06/2005,964188.35,Gazon,0,$
Stella Artois,2005,6,6,londres,6/06/2005,964188.35,Gazon,0,$
Ordina Open,2005,6,13,bois-le-duc,13/06/2005,441660.47,Gazon,0,$
Nottingham Open,2005,6,13,nottingham,13/06/2005,441660.47,Gazon,0,$
Wimbledon,2005,6,20,wimbledon,20/06/2005,10720272.81,Gazon,0,$
Swedish Open,2005,7,4,båstad,4/07/2005,441660.47,Terre,0,$
Allianz Suisse Open,2005,7,4,gstaad,4/07/2005,584733.58,Terre,0,$
Hall of Fame Championships,2005,7,4,newport,4/07/2005,441660.47,Gazon,0,$
Priority Telecom Dutch Open,2005,7,18,amersfoort,18/07/2005,441660.47,Terre,0,$
RCA Championships,2005,7,18,indianapolis,18/07/2005,715365.55,Dur,0,$
Mercedes Cup,2005,7,18,stuttgart,18/07/2005,827335.81,Terre,0,$
Generali Open,2005,7,25,kitzbühel,25/07/2005,914423.79,Terre,0,$
Mercedes-Benz Cup,2005,7,25,los angeles,25/07/2005,441660.47,Dur,0,$
Croatia Open,2005,7,25,umag,25/07/2005,466542.75,Terre,0,$
Idea Prokom Open,2005,8,1,sopot,1/08/2005,590954.15,Terre,0,$
Legg Mason Classic,2005,8,1,washington,1/08/2005,715365.55,Dur,0,$
Rogers Cup,2005,8,8,montréal,8/08/2005,2737050.8,Dur,0,$
Western & Southern Financial Group Masters,2005,8,15,cincinnati,15/08/2005,2737050.8,Dur,0,$
Pilot Pen Tennis,2005,8,22,new haven,22/08/2005,808674.1,Dur,0,$
US Open,2005,8,29,flushing meadows,29/08/2005,9890706.3,Dur,0,$
China Open,2005,9,12,pékin,12/09/2005,590954.15,Dur,0,$
Open Romania,2005,9,12,bucarest,12/09/2005,441660.47,Terre,0,$
Thailand Open,2005,9,26,bangkok,26/09/2005,653159.85,Dur,1,$
Vietnam Open,2005,9,26,hô-chi-minh-ville,26/09/2005,441660.47,Moquette,1,$
Campionati Internazionali Di Sicilia,2005,9,26,palerme,26/09/2005,441660.47,Terre,0,$
Open de Moselle,2005,10,3,metz,3/10/2005,441660.47,Dur,1,$
Japan Open,2005,10,3,tokyo,3/10/2005,827335.81,Dur,0,$
Kremlin Cup,2005,10,10,stockholm,10/10/2005,964188.35,Dur,1,$
Stockholm Open,2005,10,10,vienne,10/10/2005,826091.696,Dur,1,$
BA-CA Tennis Trophy,2005,10,10,moscou,10/10/2005,1213011.15,Moquette,1,$
Madrid Masters,2005,10,17,madrid,17/10/2005,2737050.8,Dur,1,$
Davidoff Swiss Indoors,2005,10,25,bâle,24/10/2005,1213011.15,Moquette,1,$
Grand Prix de Lyon,2005,10,24,lyon,24/10/2005,964188.35,Moquette,1,$
St. Petersburg Open,2005,10,24,saint-pétersbourg,24/10/2005,1213011.15,Moquette,1,$
BNP Paribas,2005,10,31,paris,31/10/2005,2737050.8,Moquette,1,$
Masters Cup,2005,11,13,shanghai,14/11/2005,4603221.8,Moquette,1,$
Next Generation Adelaide International,2006,1,2,adélaïde,2/01/2006,494715.462,Dur,0,$
Chennai Open,2006,1,2,chennai,2/01/2006,445746.165,Dur,0,$
Qatar Exxon Mobil Open,2006,1,2,doha,2/01/2006,1224232.425,Dur,0,$
Heineken Open,2006,1,8,auckland,9/01/2006,508527.315,Dur,0,$
Sydney International,2006,1,9,sydney,9/01/2006,494715.462,Dur,0,$
Australian Open,2006,1,16,melbourne,16/01/2006,8518885.994,Dur,0,$
International Championships,2006,1,30,delray beach,30/01/2006,445746.165,Dur,0,$
Movistar Open,2006,1,30,viña del mar,30/01/2006,445746.165,Terre,0,$
PBZ Zagreb Indoors,2006,1,30,zagreb,30/01/2006,445746.165,Moquette,1,$
Copa Telmex,2006,2,13,buenos aires,13/02/2006,502249.2,Terre,0,$
Open 13,2006,2,13,marseille,13/02/2006,721983.225,Dur,1,$
SAP Open,2006,2,13,san josé,13/02/2006,445746.165,Dur,1,$
Brasil Open,2006,2,20,memphis,20/02/2006,834989.295,Dur,1,$
Regions Morgan Keegan Championships,2006,2,20,rotterdam,20/02/2006,1130060.7,Dur,1,$
ABN AMRO World Tennis Tournament,2006,2,20,costa do sauípe,20/02/2006,445746.165,Terre,0,$
Abierto Mexicano,2006,2,27,acapulco,27/02/2006,834989.295,Terre,0,$
Dubai Tennis Championships,2006,2,27,dubaï,27/02/2006,1224232.425,Dur,0,$
Channel Open,2006,2,27,las vegas,27/02/2006,445746.165,Dur,0,$
Pacific Life Open,2006,3,10,indian wells,6/03/2006,3665916.911,Dur,0,$
NASDAQ-100 Open,2006,3,22,miami,20/03/2006,4017993.6,Dur,0,$
U.S. Men's Clay Court Championships,2006,4,10,houston,10/04/2006,445746.165,Terre,0,$
Open de Tenis Comunidad Valenciana,2006,4,10,valence,10/04/2006,470858.625,Terre,0,$
Monte Carlo Masters,2006,4,17,monte-carlo,17/04/2006,2762370.6,Terre,0,$
Open Seat Godo,2006,4,24,barcelone,24/04/2006,1130060.7,Terre,0,$
Grand Prix Hassan II,2006,4,24,casablanca,24/04/2006,445746.165,Terre,0,$
Estoril Open,2006,5,1,estoril,1/05/2006,753373.8,Terre,0,$
BMW Open,2006,5,1,munich,1/05/2006,445746.165,Terre,0,$
Campionati Internazional d'Italia,2006,5,8,rome,8/05/2006,2762370.6,Terre,0,$
Hamburg TMS,2006,5,15,hambourg,15/05/2006,2762370.6,Terre,0,$
Hypo Group Tennis International,2006,5,22,pörtschach,22/05/2006,445746.165,Terre,0,$
French Open,2006,5,28,paris,29/05/2006,10727654.92,Terre,0,$
Gerry Weber Open,2006,6,12,halle (westf.),12/06/2006,973107.825,Gazon,0,$
Stella Artois,2006,6,12,londres,12/06/2006,973107.825,Gazon,0,$
Ordina Open,2006,6,18,bois-le-duc,19/06/2006,445746.165,Gazon,0,$
Red Letter Days Open,2006,6,19,nottingham,19/06/2006,445746.165,Gazon,0,$
Wimbledon,2006,6,27,wimbledon,26/06/2006,11108921.08,Gazon,0,$
Synsam Swedish Open,2006,7,10,båstad,10/07/2006,445746.165,Terre,0,$
Allianz Suisse Open,2006,7,10,gstaad,10/07/2006,590142.81,Terre,0,$
Hall of Fame Championships,2006,7,10,newport,10/07/2006,445746.165,Gazon,0,$
Dutch Open,2006,7,17,amersfoort,17/07/2006,445746.165,Terre,0,$
RCA Championships,2006,7,17,indianapolis,17/07/2006,721983.225,Dur,0,$
Mercedes Cup,2006,7,17,stuttgart,17/07/2006,834989.295,Terre,0,$
Generali Open,2006,7,24,kitzbühel,24/07/2006,922882.905,Terre,0,$
Countrywide Classic,2006,7,24,los angeles,24/07/2006,596420.925,Dur,0,$
Croatia Open,2006,7,24,umag,24/07/2006,470858.625,Terre,0,$
Idea Prokom Open,2006,7,31,sopot,31/07/2006,596420.925,Terre,0,$
Legg Mason Classic,2006,7,31,washington,31/07/2006,721983.225,Dur,0,$
Rogers Masters,2006,8,7,toronto,7/08/2006,2762370.6,Dur,0,$
Western & Southern Financial Group Masters,2006,8,14,cincinnati,14/08/2006,2762370.6,Dur,0,$
Pilot Pen Tennis,2006,8,20,new haven,21/08/2006,816154.95,Dur,0,$
US Open,2006,8,28,flushing meadows,28/08/2006,10461850.84,Dur,0,$
China Open,2006,9,11,pékin,11/09/2006,596420.925,Dur,0,$
Open Romania,2006,9,11,bucarest,11/09/2006,445746.165,Terre,0,$
Thailand Open,2006,9,26,bangkok,25/09/2006,659202.075,Dur,1,$
Kingfisher Airlines Tennis Open,2006,9,25,bombay,25/09/2006,445746.165,Dur,0,$
Campionati Internazionali Di Sicilia,2006,9,25,palerme,25/09/2006,445746.165,Terre,0,$
Open de Moselle,2006,10,2,metz,2/10/2006,445746.165,Dur,1,$
Japan Open,2006,10,2,tokyo,2/10/2006,834989.295,Dur,0,$
Kremlin Cup,2006,10,9,stockholm,9/10/2006,973107.825,Dur,1,$
Stockholm Open,2006,10,9,vienne,9/10/2006,834989.295,Dur,1,$
BA-CA Tennis Trophy,2006,10,9,moscou,9/10/2006,1224232.425,Moquette,1,$
Madrid Masters,2006,10,16,madrid,16/10/2006,2762370.6,Dur,1,$
Davidoff Swiss Indoors,2006,10,24,bâle,23/10/2006,1224232.425,Moquette,1,$
Grand Prix de Lyon,2006,10,23,lyon,23/10/2006,973107.825,Moquette,1,$
St. Petersburg Open,2006,10,23,saint-pétersbourg,23/10/2006,1224232.425,Moquette,1,$
BNP Paribas,2006,10,30,paris,30/10/2006,2762370.6,Moquette,1,$
Masters Cup,2006,11,12,shanghai,13/11/2006,4645805.1,Dur,1,$
Next Generation Adelaide International,2007,1,1,adélaïde,1/01/2007,563266.458,Dur,0,$
Chennai Open,2007,1,1,chennai,1/01/2007,535856.898,Dur,0,$
Qatar Exxon Mobil Open,2007,1,1,doha,1/01/2007,1336216.05,Dur,0,$
Heineken Open,2007,1,7,auckland,8/01/2007,535856.898,Dur,0,$
Sydney International,2007,1,8,sydney,8/01/2007,563266.458,Dur,0,$
Australian Open,2007,1,15,melbourne,15/01/2007,10000446.49,Dur,0,$
International Championships,2007,1,29,delray beach,28/01/2007,535856.898,Dur,0,$
Movistar Open,2007,1,29,viña del mar,29/01/2007,579712.194,Terre,0,$
PBZ Zagreb Indoors,2007,1,29,zagreb,29/01/2007,535856.898,Moquette,1,$
Brasil Open,2007,2,12,costa do sauípe,12/02/2007,590676.018,Terre,0,$
Open 13,2007,2,12,marseille,12/02/2007,788024.85,Dur,1,$
SAP Open,2007,2,12,san josé,12/02/2007,535856.898,Dur,1,$
Copa Telmex,2007,2,19,buenos aires,19/02/2007,575600.76,Terre,0,$
Regions Morgan Keegan Championships,2007,2,19,memphis,19/02/2007,1003189.896,Dur,1,$
ABN AMRO World Tennis Tournament,2007,2,19,rotterdam,19/02/2007,1233430.2,Dur,1,$
Abierto Mexicano,2007,2,27,acapulco,26/02/2007,1003189.896,Terre,0,$
Dubai Tennis Championships,2007,2,26,dubaï,26/02/2007,1920382.298,Dur,0,$
Channel Open,2007,2,26,las vegas,26/02/2007,535856.898,Dur,0,$
Pacific Life Open,2007,3,9,indian wells,5/03/2007,4159400.73,Dur,0,$
Sony Ericsson Open,2007,3,21,miami,19/03/2007,4385529.6,Dur,0,$
U.S. Men's Clay Court Championships,2007,4,9,houston,9/04/2007,535856.898,Terre,0,$
Open de Tenis Comunidad Valenciana,2007,4,9,valence,9/04/2007,535856.898,Terre,0,$
Monte Carlo Masters,2007,4,15,monte-carlo,15/04/2007,3015051.6,Terre,0,$
Open Seat Godo,2007,4,23,barcelone,23/04/2007,1233430.2,Terre,0,$
Grand Prix Hassan II,2007,4,23,casablanca,23/04/2007,535856.898,Terre,0,$
Estoril Open,2007,4,29,estoril,29/04/2007,822286.8,Terre,0,$
BMW Open,2007,4,30,munich,30/04/2007,535856.898,Terre,0,$
Internazionali BNL d'Italia,2007,5,7,rome,7/05/2007,3015051.6,Terre,0,$
Hamburg TMS,2007,5,14,hambourg,14/05/2007,3015051.6,Terre,0,$
Hypo Group Tennis International,2007,5,20,pörtschach,20/05/2007,535856.898,Terre,0,$
French Open,2007,5,27,paris,28/05/2007,12793316.2,Terre,0,$
Gerry Weber Open,2007,6,11,halle (westf.),11/06/2007,1062120.45,Gazon,0,$
Stella Artois,2007,6,11,londres,11/06/2007,1062120.45,Gazon,0,$
Ordina Open,2007,6,17,bois-le-duc,17/06/2007,535856.898,Gazon,0,$
The Nottingham Open,2007,6,18,nottingham,18/06/2007,535856.898,Gazon,0,$
Wimbledon,2007,6,25,wimbledon,25/06/2007,13758489.03,Gazon,0,$
Catella Swedish Open,2007,7,9,båstad,9/07/2007,535856.898,Terre,0,$
Allianz Suisse Open,2007,7,9,gstaad,9/07/2007,645495.138,Terre,0,$
Hall of Fame Championships,2007,7,9,newport,9/07/2007,535856.898,Gazon,0,$
Dutch Open,2007,7,16,amersfoort,16/07/2007,535856.898,Terre,0,$
Countrywide Classic,2007,7,16,los angeles,16/07/2007,685239,Dur,0,$
Mercedes Cup,2007,7,16,stuttgart,16/07/2007,1003189.896,Terre,0,$
Indianapolis Tennis Championships,2007,7,23,indianapolis,23/07/2007,685239,Dur,0,$
Austrian Open,2007,7,23,kitzbühel,23/07/2007,1003189.896,Terre,0,$
Croatia Open,2007,7,23,umag,23/07/2007,535856.898,Terre,0,$
Idea Prokom Open,2007,7,30,washington,29/07/2007,788024.85,Dur,0,$
Legg Mason Classic,2007,7,29,sopot,30/07/2007,650977.05,Terre,0,$
Rogers Masters,2007,8,5,montréal,5/08/2007,3015051.6,Dur,0,$
Western & Southern Financial Group Masters,2007,8,13,cincinnati,13/08/2007,3015051.6,Dur,0,$
Pilot Pen Tennis,2007,8,19,new haven,19/08/2007,890810.7,Dur,0,$
US Open,2007,8,27,flushing meadows,27/08/2007,12125989.34,Dur,0,$
China Open,2007,9,10,pékin,10/09/2007,650977.05,Dur,0,$
Open Romania,2007,9,10,bucarest,10/09/2007,535856.898,Terre,0,$
Thailand Open,2007,9,25,bangkok,24/09/2007,719500.95,Dur,1,$
Kingfisher Airlines Tennis Open,2007,9,24,bombay,24/09/2007,535856.898,Dur,0,$
Open de Moselle,2007,10,1,metz,1/10/2007,535856.898,Dur,1,$
AIG Japan Open Tennis Championships,2007,10,1,tokyo,1/10/2007,1003189.896,Dur,0,$
Kremlin Cup,2007,10,8,stockholm,7/10/2007,1062120.45,Dur,1,$
Stockholm Open,2007,10,7,vienne,7/10/2007,1003189.896,Dur,1,$
BA-CA Tennis Trophy,2007,10,7,moscou,8/10/2007,1336216.05,Dur,1,$
Madrid Masters,2007,10,15,madrid,15/10/2007,3015051.6,Dur,1,$
Davidoff Swiss Indoors,2007,10,23,bâle,22/10/2007,1336216.05,Dur,1,$
Grand Prix de Lyon,2007,10,22,lyon,22/10/2007,1062120.45,Moquette,1,$
St. Petersburg Open,2007,10,22,saint-pétersbourg,22/10/2007,1336216.05,Moquette,1,$
BNP Paribas,2007,10,28,paris,28/10/2007,3015051.6,Dur,1,$
Masters Cup,2007,11,11,shanghai,12/11/2007,5207816.4,Dur,1,$
Next Generation Adelaide International,2008,1,1,adélaïde,31/12/2007,647132.2,Dur,0,$
Chennai Open,2008,1,1,chennai,31/12/2007,604480.305,Dur,0,$
Qatar Exxon Mobil Open,2008,1,1,doha,31/12/2007,1506053.12,Dur,0,$
Heineken Open,2008,1,7,auckland,7/01/2008,645661.445,Dur,0,$
Medibank International,2008,1,7,sydney,7/01/2008,647132.2,Dur,0,$
Australian Open,2008,1,14,melbourne,14/01/2008,14132.4848,Dur,0,$
Movistar Open,2008,1,28,viña del mar,28/01/2008,642719.935,Terre,0,$
Brasil Open,2008,2,11,costa do sauípe,11/02/2008,676547.3,Terre,0,$
International Championships,2008,2,11,delray beach,11/02/2008,604480.305,Dur,0,$
Open 13,2008,2,11,marseille,11/02/2008,513000,Dur,1,€
Copa Telmex,2008,2,18,buenos aires,18/02/2008,648602.955,Terre,0,$
ABN AMRO World Tennis Tournament,2008,2,18,rotterdam,18/02/2008,803000,Dur,1,€
SAP Open,2008,2,18,san josé,18/02/2008,604480.305,Dur,1,$
Abierto Mexicano,2008,2,25,acapulco,25/02/2008,1131010.595,Terre,0,$
Regions Morgan Keegan Championships,2008,2,25,memphis,25/02/2008,1131010.595,Dur,1,$
PBZ Zagreb Indoors,2008,2,25,zagreb,25/02/2008,349000,Dur,1,€
Dubai Tennis Championships,2008,3,3,dubaï,3/03/2008,2060527.755,Dur,0,$
Channel Open,2008,3,3,las vegas,3/03/2008,604480.305,Dur,0,$
Pacific Life Open,2008,3,13,indian wells,13/03/2008,4910850.945,Dur,0,$
Sony Ericsson Open,2008,3,26,miami,27/03/2008,5177057.6,Dur,0,$
Estoril Open,2008,4,14,estoril,14/04/2008,349000,Terre,0,€
U.S. Men's Clay Court Championships,2008,4,14,houston,14/04/2008,604480.305,Terre,0,$
Open de Tenis Comunidad Valenciana,2008,4,14,valence,14/04/2008,349000,Terre,0,€
Monte Carlo Masters,2008,4,20,monte-carlo,20/04/2008,2057000,Terre,0,€
Open Sabadell Atlántico 2008,2008,4,28,barcelone,28/04/2008,803000,Terre,0,€
BMW Open,2008,4,28,munich,28/04/2008,349000,Terre,0,€
Internazionali BNL d'Italia,2008,5,5,rome,5/05/2008,2057000,Terre,0,€
Hamburg TMS,2008,5,11,hambourg,11/05/2008,2057000,Terre,0,€
Grand Prix Hassan II,2008,5,18,casablanca,18/05/2008,349000,Terre,0,€
Hypo Group Tennis International,2008,5,19,pörtschach,18/05/2008,349000,Terre,0,€
French Open,2008,5,25,paris,25/05/2008,7077680,Terre,0,€
Gerry Weber Open,2008,6,9,halle (westf.),9/06/2008,692000,Gazon,0,€
Stella Artois,2008,6,9,londres,9/06/2008,692000,Gazon,0,€
Orange Prokom Open,2008,6,9,varsovie,9/06/2008,404000,Terre,0,€
Ordina Open,2008,6,15,bois-le-duc,15/06/2008,349000,Gazon,0,€
Slazenger Open,2008,6,16,nottingham,16/06/2008,349000,Gazon,0,€
Wimbledon,2008,6,23,wimbledon,23/06/2008,4186070.245,Gazon,0,£
Catella Swedish Open,2008,7,7,båstad,7/07/2008,305000,Terre,0,€
Allianz Suisse Open,2008,7,7,gstaad,7/07/2008,368000,Terre,0,€
Hall of Fame Championships,2008,7,7,newport,7/07/2008,529471.8,Gazon,0,$
Mercedes Cup,2008,7,7,stuttgart,7/07/2008,547000,Terre,0,€
Dutch Open,2008,7,14,amersfoort,14/07/2008,305000,Terre,0,€
Indianapolis Tennis Championships,2008,7,14,indianapolis,14/07/2008,735377.5,Dur,0,$
Austrian Open,2008,7,15,kitzbühel,14/07/2008,550000,Terre,0,€
Studena Croatia Open,2008,7,14,umag,14/07/2008,305000,Terre,0,€
Rogers Masters,2008,7,21,toronto,21/07/2008,3478335.575,Dur,0,$
Western & Southern Financial Group Masters,2008,7,28,cincinnati,28/07/2008,3478335.575,Dur,0,$
Countrywide Classic,2008,8,4,los angeles,4/08/2008,661839.75,Dur,0,$
Legg Mason Classic,2008,8,10,washington,10/08/2008,710374.665,Dur,0,$
Pilot Pen Tennis,2008,8,17,new haven,17/08/2008,1004525.665,Dur,0,$
US Open,2008,8,25,flushing meadows,25/08/2008,13751559.25,Dur,0,$
Open Romania,2008,9,8,bucarest,8/09/2008,349000,Terre,0,€
Thailand Open,2008,9,23,bangkok,22/09/2008,810386.005,Dur,1,$
China Open,2008,9,22,pékin,22/09/2008,733906.745,Dur,0,$
Open de Moselle,2008,9,29,metz,29/09/2008,349000,Dur,1,€
AIG Japan Open Tennis Championships,2008,9,29,tokyo,29/09/2008,1131010.595,Dur,0,$
Kremlin Cup,2008,10,6,moscou,6/10/2008,1506053.12,Dur,1,$
Stockholm Open,2008,10,6,stockholm,6/10/2008,692000,Dur,1,€
BA-CA Tennis Trophy,2008,10,6,vienne,6/10/2008,653000,Dur,1,€
Madrid Masters,2008,10,12,madrid,12/10/2008,2057000,Dur,1,€
Davidoff Swiss Indoors,2008,10,20,bâle,20/10/2008,870000,Dur,1,€
Grand Prix de Lyon,2008,10,20,lyon,20/10/2008,692000,Moquette,1,€
St. Petersburg Open,2008,10,20,saint-pétersbourg,20/10/2008,1506053.12,Dur,1,$
BNP Paribas,2008,10,26,paris,26/10/2008,2057000,Dur,1,€
Masters Cup,2008,11,9,shanghai,9/11/2008,5588869,Dur,1,$
Brisbane International,2009,1,4,brisbane,4/01/2009,603930.647,Dur,0,$
Chennai Open,2009,1,5,chennai,5/01/2009,555462.7718,Dur,0,$
Qatar Exxon Mobil Open,2009,1,5,doha,5/01/2009,1428233.216,Dur,0,$
Heineken Open,2009,1,12,auckland,12/01/2009,598351.611,Dur,0,$
Medibank International,2009,1,12,sydney,12/01/2009,603930.647,Dur,0,$
Australian Open,2009,1,19,melbourne,19/01/2009,18989545,Dur,0,AU$
SA Tennis Open,2009,2,2,johannesburg,2/02/2009,617180.8575,Dur,0,$
Movistar Open,2009,2,2,viña del mar,2/02/2009,620667.755,Terre,0,$
PBZ Zagreb Indoors,2009,2,2,zagreb,2/02/2009,398250,Dur,1,€
Brasil Open,2009,2,9,costa do sauípe,9/02/2009,704353.295,Terre,0,$
ABN AMRO World Tennis Tournament,2009,2,9,rotterdam,9/02/2009,1150000,Dur,1,€
SAP Open,2009,2,9,san josé,9/02/2009,740617.029,Dur,1,$
Copa Telmex,2009,2,16,buenos aires,16/02/2009,740617.029,Terre,0,$
Open 13,2009,2,16,marseille,16/02/2009,512750,Dur,1,€
Regions Morgan Keegan Championships,2009,2,16,memphis,16/02/2009,1534234.9,Dur,1,$
Abierto Mexicano,2009,2,23,acapulco,23/02/2009,1534234.9,Terre,0,$
International Championships,2009,2,23,delray beach,23/02/2009,617180.8575,Dur,0,$
Dubai Tennis Championships,2009,2,23,dubaï,23/02/2009,2258812.201,Dur,0,$
BNP Paribas Open,2009,3,12,indian wells,12/03/2009,5083896.555,Dur,0,$
Sony Ericsson Open,2009,3,25,miami,25/03/2009,5083896.555,Dur,0,$
Grand Prix Hassan II,2009,4,6,casablanca,6/04/2009,398250,Terre,0,€
U.S. Men's Clay Court Championships,2009,4,6,houston,6/04/2009,617180.8575,Terre,0,$
Monte Carlo Masters,2009,4,12,monte-carlo,12/04/2009,2227500,Terre,0,€
Open Banco Sabadell,2009,4,20,barcelone,20/04/2009,1550000,Terre,0,€
Internazionali BNL d'Italia,2009,4,27,rome,27/04/2009,2227500,Terre,0,€
Serbia Open,2009,5,5,estoril,3/05/2009,398250,Terre,0,€
Estoril Open,2009,5,3,munich,3/05/2009,398250,Terre,0,€
BMW Open,2009,5,3,belgrade,4/05/2009,398250,Terre,0,€
Mutua Madrileña Madrid Open,2009,5,10,madrid,10/05/2009,2835000,Terre,0,€
Austrian Open,2009,5,17,kitzbühel,17/05/2009,398250,Terre,0,€
French Open,2009,5,24,paris,25/05/2009,7322320,Terre,0,€
Gerry Weber Open,2009,6,8,halle (westf.),8/06/2009,663750,Gazon,0,€
AEGON Championships,2009,6,8,londres,8/06/2009,663750,Gazon,0,€
AEGON International,2009,6,14,eastbourne,14/06/2009,398250,Gazon,0,€
Ordina Open,2009,6,14,bois-le-duc,14/06/2009,398250,Gazon,0,€
Wimbledon,2009,6,22,wimbledon,22/06/2009,5003918.806,Gazon,0,£
Hall of Fame Championships,2009,7,6,newport,6/07/2009,617180.8575,Gazon,0,$
Catella Swedish Open,2009,7,13,båstad,13/07/2009,398250,Terre,0,€
Mercedes Cup,2009,7,13,stuttgart,13/07/2009,398250,Terre,0,€
International German Open,2009,7,20,hambourg,19/07/2009,1000000,Terre,0,€
Indianapolis Tennis Championships,2009,7,19,indianapolis,19/07/2009,627641.55,Dur,0,$
Allianz Suisse Open,2009,7,26,gstaad,26/07/2009,398250,Terre,0,€
LA Tennis Open,2009,7,27,los angeles,27/07/2009,767117.45,Dur,0,$
Studena Croatia Open,2009,7,28,umag,27/07/2009,398250,Terre,0,€
Legg Mason Classic,2009,8,2,washington,2/08/2009,1625591.615,Dur,0,$
Rogers Masters,2009,8,10,montréal,10/08/2009,3389264.37,Dur,0,$
Western & Southern Financial Group Masters,2009,8,17,cincinnati,16/08/2009,3389264.37,Dur,0,$
Pilot Pen Tennis,2009,8,23,new haven,23/08/2009,925771.2863,Dur,0,$
US Open,2009,8,31,flushing meadows,31/08/2009,13607268.8,Dur,0,$
Open Romania,2009,9,21,bucarest,21/09/2009,398250,Terre,0,€
Open de Moselle,2009,9,21,metz,21/09/2009,398250,Dur,1,€
Thailand Open,2009,9,28,bangkok,28/09/2009,768512.209,Dur,1,$
Proton Malaysian Open,2009,9,28,kuala lumpur,28/09/2009,1185545.15,Dur,1,$
China Open,2009,10,5,pékin,5/10/2009,2929691.28,Dur,0,$
Rakuten Japan Open Tennis Championships,2009,10,5,tokyo,5/10/2009,1534234.9,Dur,0,$
Shanghai Masters,2009,10,11,shanghai,11/10/2009,4519019.16,Dur,0,$
Kremlin Cup,2009,10,19,moscou,19/10/2009,1394759,Dur,1,$
Stockholm Open,2009,10,19,stockholm,19/10/2009,531000,Dur,1,€
Grand Prix de Lyon,2009,10,26,saint-pétersbourg,25/10/2009,925771.2863,Dur,1,$
St. Petersburg Open,2009,10,25,lyon,26/10/2009,575250,Dur,1,€
BA-CA Tennis Trophy,2009,10,26,vienne,26/10/2009,500000,Dur,1,€
Davidoff Swiss Indoors,2009,11,2,bâle,2/11/2009,1225000,Dur,1,€
Valencia Open 500,2009,11,2,valence,2/11/2009,1357000,Dur,1,€
BNP Paribas Masters,2009,11,8,paris,8/11/2009,2227500,Dur,1,€
Masters Cup,2009,11,22,londres,22/11/2009,6973795,Dur,1,$
Brisbane International,2010,1,4,brisbane,4/01/2010,493821.3875,Dur,0,$
Chennai Open,2010,1,4,chennai,4/01/2010,527958.0338,Dur,0,$
Qatar Exxon Mobil Open,2010,1,4,doha,4/01/2010,1357511.68,Dur,0,$
Heineken Open,2010,1,10,sydney,11/01/2010,493821.3875,Dur,0,$
Medibank International,2010,1,11,auckland,11/01/2010,471284.5725,Dur,0,$
Australian Open,2010,1,18,melbourne,18/01/2010,15934083.44,Dur,0,AU$
SA Tennis Open,2010,2,1,johannesburg,1/02/2010,586620.0375,Dur,0,$
Movistar Open,2010,2,1,santiago,1/02/2010,527958.0338,Terre,0,$
PBZ Zagreb Indoors,2010,2,1,zagreb,1/02/2010,398250,Dur,1,€
Brasil Open,2010,2,8,costa do sauípe,8/02/2010,586620.0375,Terre,0,$
ABN AMRO World Tennis Tournament,2010,2,8,rotterdam,8/02/2010,1150000,Dur,1,€
SAP Open,2010,2,8,san josé,8/02/2010,703944.045,Dur,1,$
Copa Telmex,2010,2,15,buenos aires,15/02/2010,630102.8335,Terre,0,$
Open 13,2010,2,15,marseille,15/02/2010,512750,Dur,1,€
Regions Morgan Keegan Championships,2010,2,15,memphis,15/02/2010,1458264.5,Dur,1,$
Abierto Mexicano,2010,2,22,acapulco,22/02/2010,1266038.725,Terre,0,$
International Championships,2010,2,22,delray beach,22/02/2010,586620.0375,Dur,0,$
Dubai Tennis Championships,2010,2,22,dubaï,22/02/2010,2146963.053,Dur,0,$
BNP Paribas Open,2010,3,11,indian wells,8/03/2010,4832158.275,Dur,0,$
Sony Ericsson Open,2010,3,24,miami,22/03/2010,4832158.275,Dur,0,$
Grand Prix Hassan II,2010,4,5,casablanca,5/04/2010,398250,Terre,0,€
U.S. Men's Clay Court Championships,2010,4,5,houston,5/04/2010,586620.0375,Terre,0,$
Monte Carlo Masters,2010,4,11,monte-carlo,12/04/2010,2227500,Terre,0,€
Open Banco Sabadell,2010,4,19,barcelone,19/04/2010,1550000,Terre,0,€
Internazionali BNL d'Italia,2010,4,25,rome,26/04/2010,2227500,Terre,0,€
Serbia Open,2010,5,3,belgrade,3/05/2010,373200,Terre,0,€
Estoril Open,2010,5,3,estoril,3/05/2010,398250,Terre,0,€
BMW Open,2010,5,3,munich,3/05/2010,398250,Terre,0,€
Mutua Madrileña Madrid Open,2010,5,9,madrid,10/05/2010,2835000,Terre,0,€
Open de Nice Côte d’Azur,2010,5,16,nice,17/05/2010,398250,Terre,0,€
French Open,2010,5,23,paris,24/05/2010,7580800,Terre,0,€
Gerry Weber Open,2010,6,7,halle (westf.),7/06/2010,663750,Gazon,0,€
AEGON Championships,2010,6,7,londres,7/06/2010,627700,Gazon,0,€
AEGON International,2010,6,13,bois-le-duc,14/06/2010,398250,Gazon,0,€
Unicef Open,2010,6,13,eastbourne,14/06/2010,405000,Gazon,0,€
Wimbledon,2010,6,21,wimbledon,21/06/2010,5315089.896,Gazon,0,£
Hall of Fame Championships,2010,7,5,newport,5/07/2010,586620.0375,Gazon,0,$
SkiStar Swedish Open,2010,7,12,stuttgart,12/07/2010,398250,Terre,0,€
Mercedes Cup,2010,7,12,båstad,12/07/2010,398250,Terre,0,€
Atlanta Tennis Championships,2010,7,19,hambourg,19/07/2010,1000000,Terre,0,€
German Open Tennis Championships,2010,7,19,atlanta,19/07/2010,703944.045,Dur,0,$
Allianz Suisse Open,2010,7,25,gstaad,26/07/2010,398250,Terre,0,€
Farmers Classic,2010,7,26,los angeles,26/07/2010,821268.0525,Dur,0,$
Studena Croatia Open,2010,7,26,umag,26/07/2010,398250,Terre,0,€
Legg Mason Classic,2010,8,1,washington,2/08/2010,1545097.523,Dur,0,$
Rogers Masters,2010,8,9,toronto,9/08/2010,3221438.85,Dur,0,$
Western & Southern Financial Group Masters,2010,8,15,cincinnati,16/08/2010,3221438.85,Dur,0,$
Pilot Pen Tennis,2010,8,23,new haven,23/08/2010,879930.0563,Dur,0,$
US Open,2010,8,30,flushing meadows,30/08/2010,13930403.06,Dur,0,$
Open Romania,2010,9,20,bucarest,20/09/2010,368450,Terre,0,€
Open de Moselle,2010,9,20,metz,20/09/2010,398250,Dur,1,€
Thailand Open,2010,9,27,bangkok,27/09/2010,730457.945,Dur,1,$
Proton Malaysian Open,2010,9,27,kuala lumpur,27/09/2010,1126840.75,Dur,1,$
China Open,2010,10,4,pékin,4/10/2010,2783959.5,Dur,0,$
Rakuten Japan Open Tennis Championships,2010,10,4,tokyo,4/10/2010,1458264.5,Dur,0,$
Shanghai Masters,2010,10,10,shanghai,11/10/2010,4295251.8,Dur,0,$
Kremlin Cup,2010,10,18,moscou,18/10/2010,1325695,Dur,1,$
Stockholm Open,2010,10,18,stockholm,18/10/2010,531000,Dur,1,€
Open Sud de France,2010,10,25,montpellier,25/10/2010,575250,Dur,1,€
St. Petersburg Open,2010,10,25,saint-pétersbourg,25/10/2010,879930.0563,Dur,1,$
BA-CA Tennis Trophy,2010,10,25,vienne,25/10/2010,575250,Dur,1,€
Swiss Indoors,2010,11,1,bâle,1/11/2010,1225000,Dur,1,€
Valencia Open 500,2010,10,31,valence,1/11/2010,1357000,Dur,1,€
BNP Paribas Masters,2010,11,9,paris,8/11/2010,2227500,Dur,1,€
Masters Cup,2010,11,21,londres,22/11/2010,1910807.415,Dur,1,£
Brisbane International,2011,1,2,brisbane,2/01/2011,587812.039,Dur,0,$
Chennai Open,2011,1,3,chennai,3/01/2011,554336.1225,Dur,0,$
Qatar Exxon Mobil Open,2011,1,3,doha,3/01/2011,1425336.32,Dur,0,$
Heineken Open,2011,1,10,sydney,10/01/2011,587812.039,Dur,0,$
Medibank International,2011,1,10,auckland,10/01/2011,554336.1225,Dur,0,$
Australian Open,2011,1,17,melbourne,17/01/2011,15392420.84,Dur,0,AU$
SA Tennis Open,2011,1,31,johannesburg,31/01/2011,615929.025,Dur,1,$
Movistar Open,2011,1,31,santiago du chili,31/01/2011,554336.1225,Terre,0,$
PBZ Zagreb Indoors,2011,1,31,zagreb,31/01/2011,398250,Dur,1,€
Brasil Open,2011,2,7,costa do sauípe,7/02/2011,654485.486,Terre,0,$
ABN AMRO World Tennis Tournament,2011,2,7,rotterdam,7/02/2011,1150000,Dur,1,€
SAP Open,2011,2,7,san josé,7/02/2011,739114.83,Dur,1,$
Copa Claro,2011,2,14,buenos aires,14/02/2011,666595.277,Terre,0,$
Open 13,2011,2,14,marseille,14/02/2011,512750,Dur,1,€
Regions Morgan Keegan Championships,2011,2,14,memphis,14/02/2011,1531123,Dur,1,$
Abierto Mexicano,2011,2,21,acapulco,21/02/2011,1531123,Terre,0,$
International Championships,2011,2,21,delray beach,21/02/2011,615929.025,Dur,0,$
Dubai Tennis Championships,2011,2,21,dubaï,21/02/2011,2254230.635,Dur,0,$
BNP Paribas Open,2011,3,10,indian wells,10/03/2011,5073584.85,Dur,0,$
Sony Ericsson Open,2011,3,23,miami,23/03/2011,5073584.85,Dur,0,$
Grand Prix Hassan II,2011,4,4,casablanca,4/04/2011,398250,Terre,0,€
U.S. Men's Clay Court Championships,2011,4,4,houston,4/04/2011,615929.025,Terre,0,$
Monte Carlo Masters,2011,4,10,monte-carlo,10/04/2011,2227500,Terre,0,€
Open Banco Sabadell,2011,4,18,barcelone,18/04/2011,1550000,Terre,0,€
Serbia Open,2011,4,25,belgrade,25/04/2011,364900,Terre,0,€
Estoril Open,2011,4,25,estoril,25/04/2011,398250,Terre,0,€
BMW Open,2011,4,24,munich,24/04/2011,398250,Terre,0,€
Mutua Madrileña Madrid Open,2011,5,1,madrid,1/05/2011,2835000,Terre,0,€
Internazionali BNL d'Italia,2011,5,8,rome,8/05/2011,2227500,Terre,0,€
Open de Nice Côte d’Azur,2011,5,15,nice,15/05/2011,398250,Terre,0,€
French Open,2011,5,22,paris,22/05/2011,7884000,Terre,0,€
Gerry Weber Open,2011,6,6,halle (westf.),6/06/2011,663750,Gazon,0,€
AEGON Championships,2011,6,6,londres,6/06/2011,608000,Gazon,0,€
AEGON International,2011,6,13,bois-le-duc,12/06/2011,398250,Gazon,0,€
Unicef Open,2011,6,12,eastbourne,12/06/2011,410925,Gazon,0,€
Wimbledon,2011,6,20,wimbledon,20/06/2011,11911831.43,Gazon,0,£
Hall of Fame Championships,2011,7,4,newport,4/07/2011,615929.025,Gazon,0,$
SkiStar Swedish Open,2011,7,11,båstad,11/07/2011,398250,Terre,0,€
Mercedes Cup,2011,7,11,stuttgart,11/07/2011,398250,Terre,0,€
Atlanta Tennis Championships,2011,7,18,atlanta,18/07/2011,739114.83,Dur,0,$
German Open Tennis Championships,2011,7,18,hambourg,18/07/2011,1000000,Terre,0,€
Allianz Suisse Open,2011,7,25,gstaad,25/07/2011,398250,Terre,0,€
Farmers Classic,2011,7,25,los angeles,25/07/2011,862300.635,Dur,0,$
Studena Croatia Open,2011,7,25,umag,25/07/2011,398250,Terre,0,€
Bet-At-Home Cup,2011,7,31,kitzbühel,31/07/2011,398250,Terre,0,€
Legg Mason Classic,2011,7,31,washington,1/08/2011,1623547.152,Dur,0,$
Rogers Masters,2011,8,8,montréal,8/08/2011,3382389.9,Dur,0,$
Western & Southern Financial Group Masters,2011,8,14,cincinnati,14/08/2011,3607882.56,Dur,0,$
Winston-Salem Open at Wake Forest University,2011,8,21,winston-salem,22/08/2011,769911.2812,Dur,0,$
US Open,2011,8,29,flushing meadows,29/08/2011,14626400.44,Dur,0,$
Open Romania,2011,9,19,bucarest,19/09/2011,371200,Terre,0,€
Open de Moselle,2011,9,19,metz,19/09/2011,398250,Dur,1,€
Thailand Open,2011,9,26,bangkok,26/09/2011,817062.91,Dur,1,$
Malaysian Open,2011,9,26,kuala lumpur,26/09/2011,1183140.5,Dur,1,$
China Open,2011,10,3,pékin,3/10/2011,2923053,Dur,0,$
Rakuten Japan Open Tennis Championships,2011,10,3,tokyo,3/10/2011,1690498.985,Dur,0,$
Shanghai Masters,2011,10,9,shanghai,9/10/2011,4509853.2,Dur,0,$
Kremlin Cup,2011,10,17,moscou,17/10/2011,1009149.25,Dur,1,$
Stockholm Open,2011,10,17,stockholm,17/10/2011,531000,Dur,1,€
St. Petersburg Open,2011,10,24,saint-pétersbourg,24/10/2011,923893.5375,Dur,1,$
Erste Bank Open,2011,10,24,vienne,24/10/2011,575250,Dur,1,€
Swiss Indoors,2011,10,31,bâle,31/10/2011,1308100,Dur,1,€
Valencia Open 500,2011,10,30,valence,30/10/2011,1357000,Dur,1,€
BNP Paribas Masters,2011,11,8,paris,6/11/2011,2227500,Dur,1,€
Masters Cup,2011,11,20,londres,20/11/2011,4400217.51,Dur,1,£
Brisbane International,2012,1,1,brisbane,1/01/2012,624407.454,Dur,0,$
Chennai Open,2012,1,2,chennai,2/01/2012,578155.05,Dur,0,$
Qatar Exxon Mobil Open,2012,1,2,doha,2/01/2012,1426436.987,Dur,0,$
Heineken Open,2012,1,9,auckland,9/01/2012,578155.05,Dur,0,$
Apia International,2012,1,9,sydney,9/01/2012,624407.454,Dur,0,$
Australian Open,2012,1,16,melbourne,16/01/2012,14648516.46,Dur,0,AU$
Open Sud de France,2012,1,30,montpellier,30/01/2012,450000,Dur,1,€
VTR Open,2012,1,30,viña del mar,30/01/2012,578155.05,Terre,0,$
PBZ Zagreb Indoors,2012,1,30,zagreb,30/01/2012,450000,Dur,1,€
ABN AMRO World Tennis Tournament,2012,2,13,rotterdam,13/02/2012,1502500,Dur,1,€
SAP Open,2012,2,13,san josé,13/02/2012,770873.4,Dur,1,$
Brasil Open,2012,2,13,são paulo,13/02/2012,684535.5792,Terre,1,$
Copa Claro,2012,2,20,buenos aires,20/02/2012,710616.7959,Terre,0,$
Open 13,2012,2,20,marseille,20/02/2012,770873.4,Dur,1,$
Regions Morgan Keegan Championships,2012,2,20,memphis,20/02/2012,1646457.104,Dur,1,$
Abierto Mexicano,2012,2,27,acapulco,27/02/2012,1646457.104,Terre,0,$
International Championships,2012,2,27,delray beach,27/02/2012,642394.5,Dur,0,$
Dubai Tennis Championships,2012,2,27,dubaï,27/02/2012,2972969.626,Dur,0,$
BNP Paribas Open,2012,3,8,indian wells,8/03/2012,7130539.122,Dur,0,$
Sony Ericsson Open,2012,3,21,miami,21/03/2012,6203025.531,Dur,0,$
Grand Prix Hassan II,2012,4,9,casablanca,9/04/2012,450000,Terre,0,€
U.S. Men's Clay Court Championships,2012,4,9,houston,9/04/2012,642394.5,Terre,0,$
Monte Carlo Masters,2012,4,15,monte-carlo,15/04/2012,2227500,Terre,0,€
Open Banco Sabadell,2012,4,23,barcelone,23/04/2012,2072500,Terre,0,€
BRD Nastase Tiriac Trophy,2012,4,23,bucarest,23/04/2012,450000,Terre,0,€
Serbia Open,2012,4,30,belgrade,30/04/2012,418700,Terre,0,€
Estoril Open,2012,4,30,estoril,30/04/2012,450000,Terre,0,€
BMW Open,2012,4,30,munich,30/04/2012,450000,Terre,0,€
Mutua Madrid Open,2012,5,6,madrid,6/05/2012,3973695,Terre,0,€
Internazionali BNL d'Italia,2012,5,13,rome,13/05/2012,2950475,Terre,0,€
Open de Nice Côte d’Azur,2012,5,22,nice,20/05/2012,450000,Terre,0,€
French Open,2012,5,27,paris,27/05/2012,8487000,Terre,0,€
Gerry Weber Open,2012,6,11,halle (westf.),11/06/2012,750000,Gazon,0,€
AEGON Championships,2012,6,12,londres,11/06/2012,711550,Gazon,0,€
AEGON International,2012,6,18,bois-le-duc,17/06/2012,450000,Gazon,0,€
Unicef Open,2012,6,17,eastbourne,17/06/2012,455700,Gazon,0,€
Wimbledon,2012,6,25,wimbledon,25/06/2012,5907357.409,Gazon,0,£
SkiStar Swedish Open,2012,7,9,båstad,9/07/2012,410175,Terre,0,€
Hall of Fame Championships,2012,7,9,newport,9/07/2012,585542.5868,Gazon,0,$
Mercedes Cup,2012,7,9,stuttgart,9/07/2012,410175,Terre,0,€
ATP Vegeta Croatia Open,2012,7,9,umag,9/07/2012,410175,Terre,0,€
BB&T Atlanta Open,2012,7,16,atlanta,16/07/2012,702651.1041,Dur,0,$
Crédit Agricole Suisse Open Gstaad,2012,7,16,gstaad,16/07/2012,410175,Terre,0,€
German Open Tennis Championships,2012,7,16,hambourg,16/07/2012,1015000,Terre,0,€
Bet-At-Home Cup,2012,7,22,los angeles,23/07/2012,819759.6215,Dur,0,$
Farmers Classic,2012,7,23,kitzbühel,22/07/2012,410175,Terre,0,€
Citi Open,2012,7,30,washington,30/07/2012,1652572.699,Dur,0,$
Rogers Masters,2012,8,6,toronto,6/08/2012,4135350.354,Dur,0,$
Western & Southern Financial Group Masters,2012,8,12,cincinnati,13/08/2012,4411040.378,Dur,0,$
Winston-Salem Open at Wake Forest University,2012,8,19,winston-salem,19/08/2012,802993.125,Dur,0,$
US Open,2012,8,27,flushing meadows,27/08/2012,15130960.05,Dur,0,$
Open de Moselle,2012,9,17,metz,17/09/2012,450000,Dur,1,€
St. Petersburg Open,2012,9,17,st. petersburg,17/09/2012,601730.9281,Dur,1,$
Thailand Open,2012,9,24,bangkok,24/09/2012,781794.1065,Dur,1,$
Malaysian Open,2012,9,24,kuala lumpur,24/09/2012,1217658.775,Dur,1,$
China Open,2012,10,1,pékin,1/10/2012,4421601.343,Dur,0,$
Rakuten Japan Open Tennis Championships,2012,10,1,tokyo,1/10/2012,1807781.634,Dur,0,$
Shanghai Masters,2012,10,7,shanghai,7/10/2012,7569462.872,Dur,0,$
Kremlin Cup,2012,10,15,moscou,15/10/2012,953506.1564,Dur,1,$
Stockholm Open,2012,10,15,stockholm,15/10/2012,550000,Dur,1,€
Erste Bank Open,2012,10,15,vienne,15/10/2012,550000,Dur,1,€
Swiss Indoors,2012,10,22,bâle,22/10/2012,1934300,Dur,1,€
Valencia Open 500,2012,10,21,valence,22/10/2012,2086850,Dur,1,€
BNP Paribas Masters,2012,10,29,paris,29/10/2012,2950475,Dur,1,€
Masters Cup,2012,11,5,londres,5/11/2012,4459790.5,Dur,1,£
Brisbane International,2013,1,1,brisbane,31/12/2012,579896.1623,Dur,0,$
Chennai Open,2013,1,1,chennai,31/12/2012,511524.6477,Dur,0,$
Qatar Exxon Mobil Open,2013,1,1,doha,31/12/2012,1400792.617,Dur,0,$
Heineken Open,2013,1,7,auckland,7/01/2013,575606.3412,Dur,0,$
Apia International,2013,1,7,sydney,7/01/2013,579896.1623,Dur,0,$
Australian Open,2013,1,14,melbourne,14/01/2013,22043120,Dur,0,AU$
Open Sud de France,2013,2,5,montpellier,4/02/2013,410200,Dur,1,€
VTR Open,2013,2,4,viña del mar,4/02/2013,544794.0036,Terre,0,$
PBZ Zagreb Indoors,2013,2,5,zagreb,4/02/2013,410200,Dur,1,€
ABN AMRO World Tennis Tournament,2013,2,11,rotterdam,11/02/2013,1267875,Dur,1,€
SAP Open,2013,2,12,san josé,11/02/2013,726387.5777,Dur,1,$
Brasil Open,2013,2,11,são paulo,11/02/2013,605322.9815,Terre,1,$
Copa Claro,2013,2,18,buenos aires,18/02/2013,655652.0131,Terre,0,$
Open 13,2013,2,18,marseille,18/02/2013,528135,Dur,1,€
U.S. National Indoor Tennis Championships,2013,2,18,memphis,18/02/2013,1610675.105,Dur,1,$
Abierto Mexicano,2013,2,25,acapulco,25/02/2013,1610675.105,Terre,0,$
International Championships,2013,2,25,delray beach,25/02/2013,605322.9815,Dur,0,$
Dubai Tennis Championships,2013,2,25,dubaï,25/02/2013,2371354.689,Dur,0,$
BNP Paribas Open,2013,3,7,indian wells,7/03/2013,6895512.953,Dur,0,$
Sony Ericsson Open,2013,3,20,miami,20/03/2013,5751581.014,Dur,0,$
Grand Prix Hassan II,2013,4,8,casablanca,8/04/2013,410200,Terre,0,€
U.S. Men's Clay Court Championships,2013,4,8,houston,8/04/2013,605322.9815,Terre,0,$
Monte Carlo Masters,2013,4,14,monte-carlo,15/04/2013,2646495,Terre,0,€
Open Banco Sabadell,2013,4,22,barcelone,22/04/2013,1708875,Terre,0,€
BRD Nastase Tiriac Trophy,2013,4,22,bucarest,22/04/2013,410200,Terre,0,€
BMW Open,2013,4,29,munich,29/04/2013,410200,Terre,0,€
Portugal Open,2013,4,29,oeiras,29/04/2013,410200,Terre,0,€
Mutua Madrid Open,2013,5,5,madrid,5/05/2013,3368265,Terre,0,€
Internazionali BNL d'Italia,2013,5,12,rome,12/05/2013,2646795,Terre,0,€
Power Horse Cup,2013,5,19,düsseldorf,19/05/2013,410200,Terre,0,€
Open de Nice Côte d’Azur,2013,5,19,nice,19/05/2013,410200,Terre,0,€
French Open,2013,5,26,paris,26/05/2013,11315000,Terre,0,€
Gerry Weber Open,2013,6,10,halle (westf.),10/06/2013,683665,Gazon,0,€
AEGON Championships,2013,6,10,londres,10/06/2013,683665,Gazon,0,€
AEGON International,2013,6,17,bois-le-duc,16/06/2013,410200,Gazon,0,€
Topshelf Open,2013,6,16,eastbourne,16/06/2013,468460,Gazon,0,€
Wimbledon,2013,6,24,wimbledon,24/06/2013,8929067.07,Gazon,0,£
SkiStar Swedish Open,2013,7,8,båstad,8/07/2013,433770,Terre,0,€
Hall of Fame Championships,2013,7,8,newport,8/07/2013,605322.9815,Gazon,0,$
Mercedes Cup,2013,7,8,stuttgart,8/07/2013,410200,Terre,0,€
Claro Open Colombia,2013,7,15,bogota,15/07/2013,847452.174,Dur,0,$
German Open Tennis Championships,2013,7,15,hambourg,15/07/2013,1102500,Terre,0,€
BB&T Atlanta Open,2013,7,22,atlanta,22/07/2013,726387.5777,Dur,0,$
Crédit Agricole Suisse Open Gstaad,2013,7,22,gstaad,22/07/2013,410200,Terre,0,€
ATP Vegeta Croatia Open,2013,7,22,umag,22/07/2013,410200,Terre,0,€
Bet-At-Home Cup,2013,7,29,kitzbühel,29/07/2013,410200,Terre,0,€
Citi Open,2013,7,29,washington d.c.,29/07/2013,1720962.023,Dur,0,$
Rogers Masters,2013,8,5,montréal,5/08/2013,3834389.556,Dur,0,$
Western & Southern Financial Group Masters,2013,8,11,cincinnati,12/08/2013,4090012.427,Dur,0,$
Winston-Salem Open at Wake Forest University,2013,8,18,winston-salem,18/08/2013,763999.8795,Dur,0,$
US Open,2013,8,26,flushing meadows,26/08/2013,0,Dur,0,$
Open de Moselle,2013,9,16,metz,16/09/2013,410200,Dur,1,€
St. Petersburg Open,2013,9,16,saint-pétersbourg,16/09/2013,605322.9815,Dur,1,$
Thailand Open,2013,9,23,kuala lumpur,23/09/2013,1162767.309,Dur,1,$
Malaysian Open,2013,9,23,bangkok,23/09/2013,753746.8085,Dur,1,$
Shanghai Masters,2013,10,6,shanghai,6/10/2013,5112517.195,Dur,0,$
Kremlin Cup,2013,10,14,moscou,14/10/2013,991772.1165,Dur,1,$
Stockholm Open,2013,10,14,stockholm,14/10/2013,530165,Dur,1,€
Erste Bank Open,2013,10,14,vienne,14/10/2013,501355,Dur,1,€
Swiss Indoors,2013,10,21,bâle,21/10/2013,1445835,Dur,1,€
Valencia Open 500,2013,10,21,valence,21/10/2013,1496095,Dur,1,€
BNP Paribas Masters,2013,10,28,paris,28/10/2013,2646495,Dur,1,€
Masters Cup,2013,11,4,londres,4/11/2013,7968708,Dur,1,$
Brisbane International,2014,1,1,brisbane,30/12/2013,601372.5477,Dur,0,$
Chennai Open,2014,1,1,chennai,30/12/2013,531380.4725,Dur,0,$
Qatar Exxon Mobil Open,2014,1,1,doha,30/12/2013,1457246.032,Dur,0,$
Heineken Open,2014,1,6,auckland,6/01/2014,604720.3702,Dur,0,$
Apia International,2014,1,6,sydney,6/01/2014,601372.5477,Dur,0,$
Australian Open,2014,1,13,melbourne,13/01/2014,23549984,Dur,0,AU$
Open Sud de France,2014,2,3,montpellier,3/02/2014,426605,Dur,1,€
Royal Guard Open Chile ,2014,2,3,viña del mar,3/02/2014,566745.1691,Terre,0,$
PBZ Zagreb Indoors,2014,2,3,zagreb,3/02/2014,426605,Dur,1,€
Copa Claro,2014,2,10,buenos aires,10/02/2014,649490.8539,Terre,0,$
U.S. National Indoor Tennis Championships,2014,2,10,memphis,10/02/2014,755658.0113,Dur,1,$
ABN AMRO World Tennis Tournament,2014,2,10,rotterdam,10/02/2014,1369305,Dur,1,€
Delray Beach Open,2014,2,17,delray beach,17/02/2014,629716.1165,Dur,0,$
Open 13,2014,2,17,marseille,17/02/2014,549260,Dur,1,€
Rio Open,2014,2,17,rio de janeiro,17/02/2014,1740030.755,Terre,0,$
Abierto Mexicano,2014,2,24,acapulco,24/02/2014,1740030.755,Dur,0,$
Dubai Tennis Championships,2014,2,24,dubaï,24/02/2014,2561801.618,Dur,0,$
Brasil Open,2014,2,24,são paulo,24/02/2014,629716.1165,Terre,1,$
BNP Paribas Open,2014,3,6,indian wells,6/03/2014,6961365.168,Dur,0,$
Sony Ericsson Open,2014,3,19,miami,19/03/2014,6271029.55,Dur,0,$
Grand Prix Hassan II,2014,4,7,casablanca,7/04/2014,426605,Terre,0,€
U.S. Men's Clay Court Championships,2014,4,7,houston,7/04/2014,629716.1165,Terre,0,$
Monte Carlo Masters,2014,4,13,monte-carlo,14/04/2014,2884675,Terre,0,€
Open Banco Sabadell ,2014,4,21,barcelone,21/04/2014,1845585,Terre,0,€
BRD Nastase Tiriac Trophy,2014,4,21,bucarest,21/04/2014,426605,Terre,0,€
BMW Open,2014,4,28,munich,28/04/2014,426605,Terre,0,€
Portugal Open,2014,4,28,oeiras,28/04/2014,426605,Terre,0,€
Mutua Madrid Open,2014,5,4,madrid,5/05/2014,3671405,Terre,0,€
Internazionali BNL d'Italia,2014,5,11,rome,12/05/2014,2884675,Terre,0,€
Dusseldorf Open,2014,5,18,düsseldorf,19/05/2014,426605,Terre,0,€
Open de Nice Côte d’Azur,2014,5,18,nice,19/05/2014,426605,Terre,0,€
French Open,2014,5,25,paris,26/05/2014,11552000,Terre,0,€
Gerry Weber Open,2014,6,9,halle (westf.),9/06/2014,711010,Gazon,0,€
AEGON Championships,2014,6,9,londres,9/06/2014,711010,Gazon,0,€
AEGON International,2014,6,16,bois-le-duc,16/06/2014,426605,Gazon,0,€
Topshelf Open,2014,6,15,eastbourne,16/06/2014,503185,Gazon,0,€
Wimbledon,2014,6,23,wimbledon,23/06/2014,9443695.8,Gazon,0,£
SkiStar Swedish Open,2014,7,7,båstad,7/07/2014,426605,Terre,0,€
Hall of Fame Championships,2014,7,7,newport,7/07/2014,629716.1165,Gazon,0,$
Mercedes Cup,2014,7,7,stuttgart,7/07/2014,426605,Terre,0,€
Claro Open Colombia,2014,7,14,bogota,14/07/2014,881606.5486,Dur,0,$
bet-at-home Open,2014,7,14,hambourg,14/07/2014,1190700,Terre,0,€
BB&T Atlanta Open,2014,7,21,atlanta,21/07/2014,755658.0113,Dur,0,$
Crédit Agricole Suisse Open Gstaad,2014,7,21,gstaad,21/07/2014,426605,Terre,0,€
ATP Vegeta Croatia Open,2014,7,21,umag,21/07/2014,426605,Terre,0,€
Bet-At-Home Cup,2014,7,28,kitzbühel,28/07/2014,426605,Terre,0,€
Citi Open,2014,7,28,washington d.c.,28/07/2014,1859502.85,Dur,0,$
Rogers Masters,2014,8,4,toronto,4/08/2014,4180686.367,Dur,0,$
Western & Southern Financial Group Masters,2014,8,10,cincinnati,11/08/2014,4459399.234,Dur,0,$
Winston-Salem Open at Wake Forest University,2014,8,17,winston-salem,18/08/2014,794789.0083,Dur,0,$
US Open,2014,8,25,flushing meadows,25/08/2014,23716240.43,Dur,0,$
Open de Moselle,2014,9,15,metz,15/09/2014,426605,Dur,1,€
Malaysian Open,2014,9,22,kuala lumpur,22/09/2014,1209626.731,Dur,1,$
Shenzhen Open,2014,9,22,shenzhen,22/09/2014,784121.1452,Dur,0,$
China Open,2014,9,29,pékin,29/09/2014,3321876.895,Dur,0,$
Rakuten Japan Open Tennis Championships,2014,9,29,tokyo,29/09/2014,1632495.241,Dur,0,$
Shanghai Masters,2014,10,5,shanghai,5/10/2014,5574250.703,Dur,0,$
Kremlin Cup,2014,10,13,moscou,13/10/2014,1031740.447,Dur,1,$
Stockholm Open,2014,10,13,stockholm,13/10/2014,521405,Dur,1,€
Erste Bank Open,2014,10,13,vienne,13/10/2014,521405,Dur,1,€
Swiss Indoors,2014,10,20,bâle,20/10/2014,1458610,Dur,1,€
Valencia Open 500,2014,10,20,valence,20/10/2014,1615780,Dur,1,€
BNP Paribas Masters,2014,10,27,paris,27/10/2014,2884675,Dur,1,€
Masters Cup,2014,11,9,londres,9/11/2014,8635256.5,Dur,1,$
Brisbane International,2015,1,5,brisbane,4/01/2015,487525.5598,Dur,0,$
Chennai Open,2015,1,5,chennai,5/01/2015,447682.9479,Dur,0,$
Qatar Exxon Mobil Open,2015,1,5,doha,5/01/2015,1253544.43,Dur,0,$
Heineken Open,2015,1,12,auckland,12/01/2015,515357.6934,Dur,0,$
Apia International,2015,1,12,sydney,11/01/2015,487525.5598,Dur,0,$
Australian Open,2015,1,19,melbourne,19/01/2015,22410206.73,Dur,0,AU$
Open Sud de France,2015,2,2,montpellier,2/02/2015,439405,Dur,1,€
Ecuador Open,2015,2,2,quito,2/02/2015,487525.5598,Terre,0,$
PBZ Zagreb Indoors,2015,2,2,zagreb,2/02/2015,439405,Dur,1,€
Memphis Open,2015,2,9,memphis,9/02/2015,650030.3813,Dur,1,$
ABN AMRO World Tennis Tournament,2015,2,9,rotterdam,9/02/2015,1478850,Dur,1,€
Brasil Open,2015,2,9,são paulo,9/02/2015,493344.9555,Terre,1,$
Delray Beach Open,2015,2,16,delray beach,16/02/2015,541691.9844,Dur,0,$
Open 13,2015,2,16,marseille,16/02/2015,565735,Dur,1,€
Rio Open,2015,2,16,rio de janeiro,16/02/2015,1569461.614,Terre,0,$
Abierto Mexicano,2015,2,23,acapulco,23/02/2015,1569461.614,Dur,0,$
Argentina Open,2015,2,23,buenos aires,23/02/2015,555366.7321,Terre,0,$
Dubai Tennis Championships,2015,2,23,dubaï,23/02/2015,2310677.321,Dur,0,$
BNP Paribas Open,2015,3,12,indian wells,12/03/2015,5970550.189,Dur,0,$
Sony Ericsson Open,2015,3,25,miami,25/03/2015,5970550.189,Dur,0,$
Grand Prix Hassan II,2015,4,6,casablanca,6/04/2015,439405,Terre,0,€
U.S. Men's Clay Court Championships,2015,4,6,houston,6/04/2015,541691.9844,Terre,0,$
Monte Carlo Masters,2015,4,12,monte-carlo,13/04/2015,3288530,Terre,0,€
Open Banco Sabadell,2015,4,20,barcelone,20/04/2015,1993230,Terre,0,€
BRD Nastase Tiriac Trophy,2015,4,20,bucarest,20/04/2015,439405,Terre,0,€
Millenium Estoril Open,2015,4,27,estoril,27/04/2015,439405,Terre,0,€
Istanbul Open,2015,4,27,istanbul,27/04/2015,439405,Terre,0,€
BMW Open,2015,4,27,munich,27/04/2015,439405,Terre,0,€
Mutua Madrid Open,2015,5,3,madrid,3/05/2015,4185405,Terre,0,€
Internazionali BNL d'Italia,2015,5,10,rome,10/05/2015,3288530,Terre,0,€
Geneva Open,2015,5,17,genève,17/05/2015,439405,Terre,0,€
Open de Nice Côte d’Azur,2015,5,17,nice,17/05/2015,439405,Terre,0,€
French Open,2015,5,24,paris,24/05/2015,11024000,Terre,0,€
Topshelf Open,2015,6,8,bois-le-duc,8/06/2015,537050,Gazon,0,€
Mercedes Cup,2015,6,8,stuttgart,8/06/2015,574965,Gazon,0,€
Gerry Weber Open,2015,6,15,halle (westf.),15/06/2015,1574640,Gazon,0,€
AEGON Championships,2015,6,15,londres,15/06/2015,1574640,Gazon,0,€
AEGON Open,2015,6,21,nottingham,21/06/2015,589160,Gazon,0,€
Wimbledon,2015,6,29,wimbledon,29/06/2015,8004673.8,Gazon,0,£
Hall of Fame Championships,2015,7,13,newport,13/07/2015,541691.9844,Gazon,0,$
SkiStar Swedish Open,2015,7,20,båstad,20/07/2015,439405,Terre,0,€
Claro Open Colombia,2015,7,20,bogota,20/07/2015,758368.7782,Dur,0,$
Konzum Croatia Open,2015,7,20,umag,20/07/2015,439405,Terre,0,€
BB&T Atlanta Open,2015,7,27,hambourg,27/07/2015,1285955,Terre,0,€
Suisse Open Gstaad,2015,7,27,gstaad,27/07/2015,439405,Terre,0,€
bet-at-home Open,2015,7,27,atlanta,27/07/2015,650030.3813,Dur,0,$
Generali Open,2015,8,3,kitzbühel,3/08/2015,439405,Terre,0,€
Citi Open,2015,8,3,washington d.c.,3/08/2015,1674049.857,Dur,0,$
Rogers Masters,2015,8,10,montréal,10/08/2015,3980366.792,Dur,0,$
Western & Southern Financial Group Masters,2015,8,16,cincinnati,17/08/2015,4245723.469,Dur,0,$
Winston-Salem Open at Wake Forest University,2015,8,23,winston-salem,23/08/2015,683693.0057,Dur,0,$
US Open,2015,8,31,flushing meadows,31/08/2015,19293210.61,Dur,0,$
Open de Moselle,2015,9,21,metz,21/09/2015,439405,Dur,1,€
St. Petersburg Open,2015,9,21,saint-pétersbourg,21/09/2015,1142798.39,Dur,1,$
Malaysian Open,2015,9,28,kuala lumpur,28/09/2015,1040540.124,Dur,1,$
Shenzhen Open,2015,9,28,shenzhen,28/09/2015,674517.3332,Dur,0,$
China Open,2015,10,5,pékin,5/10/2015,2996250.952,Dur,0,$
Rakuten Japan Open Tennis Championships,2015,10,5,tokyo,5/10/2015,1401364.847,Dur,0,$
Shanghai Masters,2015,10,11,shanghai,12/10/2015,5307155.723,Dur,0,$
Kremlin Cup,2015,10,19,moscou,19/10/2015,774800.6657,Dur,1,$
Stockholm Open,2015,10,19,stockholm,19/10/2015,537050,Dur,1,€
Erste Bank Open,2015,10,19,vienne,19/10/2015,1745040,Dur,1,€
Swiss Indoors,2015,10,26,bâle,26/10/2015,1575295,Dur,1,€
Valencia Open 500,2015,10,26,valence,26/10/2015,537050,Dur,1,€
BNP Paribas Masters,2015,11,2,paris,2/11/2015,3288530,Dur,1,€
Masters Cup,2015,11,15,londres,15/11/2015,7766591,Dur,1,$
Brisbane International,2016,1,4,brisbane,3/01/2016,448052.1963,Dur,0,$
Chennai Open,2016,1,4,chennai,4/01/2016,471025.9681,Dur,0,$
Qatar Exxon Mobil Open,2016,1,4,doha,4/01/2016,1316777.343,Dur,0,$
ASB Classic,2016,1,10,auckland,11/01/2016,513071.6786,Dur,0,$
Apia International,2016,1,11,sydney,11/01/2016,448052.1963,Dur,0,$
Australian Open,2016,1,18,melbourne,18/01/2016,29323620.25,Dur,0,AU$
Open Sud de France,2016,2,1,montpellier,1/02/2016,463520,Dur,1,€
Ecuador Open,2016,2,1,quito,1/02/2016,513071.6786,Terre,0,$
Garanti Koza Sofia Open,2016,2,1,sofia,1/02/2016,463520,Dur,1,€
Argentina Open,2016,2,8,buenos aires,8/02/2016,579430.5134,Terre,0,$
Memphis Open,2016,2,8,memphis,8/02/2016,684099.2611,Dur,1,$
ABN AMRO World Tennis Tournament,2016,2,8,rotterdam,8/02/2016,1597155,Dur,1,€
Delray Beach Open,2016,2,15,delray beach,15/02/2016,569020.0907,Dur,0,$
Open 13,2016,2,15,marseille,15/02/2016,596790,Dur,1,€
Rio Open,2016,2,15,rio de janeiro,15/02/2016,1475595.786,Terre,0,$
Abierto Mexicano,2016,2,22,acapulco,22/02/2016,1564718.081,Dur,0,$
Dubai Tennis Championships,2016,2,22,dubaï,22/02/2016,2489662.831,Dur,0,$
Brasil Open,2016,2,22,são paulo,22/02/2016,482853.2267,Terre,0,$
BNP Paribas Open,2016,3,10,indian wells,10/03/2016,6790412.678,Dur,0,$
Sony Ericsson Open,2016,3,23,miami,23/03/2016,6790412.678,Dur,0,$
U.S. Men's Clay Court Championships,2016,4,4,houston,4/04/2016,570082.7176,Terre,0,$
Grand Prix Hassan II,2016,4,4,marrakech,4/04/2016,463520,Terre,0,€
Monte Carlo Masters,2016,4,10,monte-carlo,10/04/2016,3748925,Terre,0,€
Open Banco Sabadell,2016,4,18,barcelone,18/04/2016,2152690,Terre,0,€
BRD Nastase Tiriac Trophy,2016,4,18,bucarest,18/04/2016,463520,Terre,0,€
Millenium Estoril Open,2016,4,25,estoril,25/04/2016,463520,Terre,0,€
Istanbul Open,2016,4,25,istanbul,25/04/2016,426530,Terre,0,€
BMW Open,2016,4,25,munich,25/04/2016,463520,Terre,0,€
Mutua Madrid Open,2016,5,1,madrid,2/05/2016,4771360,Terre,0,€
Internazionali BNL d'Italia,2016,5,8,rome,9/05/2016,3748925,Terre,0,€
Geneva Open,2016,5,15,genève,15/05/2016,499645,Terre,0,€
Open de Nice Côte d’Azur,2016,5,15,nice,15/05/2016,463520,Terre,0,€
French Open,2016,5,22,paris,22/05/2016,16008750,Terre,0,€
Topshelf Open,2016,6,6,bois-le-duc,6/06/2016,566525,Gazon,0,€
Mercedes Cup,2016,6,6,stuttgart,6/06/2016,606525,Gazon,0,€
Gerry Weber Open,2016,6,13,halle (westf.),13/06/2016,1700610,Gazon,0,€
AEGON Championships,2016,6,13,londres,13/06/2016,1802945,Gazon,0,€
AEGON Open,2016,6,19,nottingham,19/06/2016,648255,Gazon,0,€
Wimbledon,2016,6,27,wimbledon,27/06/2016,10786854.73,Gazon,0,£
SkiStar Swedish Open,2016,7,11,båstad,11/07/2016,463520,Terre,0,€
German Tennis Championships,2016,7,11,hambourg,11/07/2016,1388830,Terre,0,€
Hall of Fame Championships,2016,7,11,newport,11/07/2016,570082.7176,Gazon,0,$
Suisse Open Gstaad,2016,7,18,gstaad,18/07/2016,463520,Terre,0,€
Generali Open,2016,7,18,kitzbühel,18/07/2016,463520,Terre,0,€
Konzum Croatia Open,2016,7,18,umag,18/07/2016,463520,Terre,0,€
Citi Open,2016,7,19,washington d.c.,18/07/2016,1803670.766,Dur,0,$
Rogers Masters,2016,7,25,toronto,25/07/2016,4526945.475,Dur,0,$
BB&T Atlanta Open,2016,8,1,atlanta,1/08/2016,684099.2611,Dur,0,$
Abierto Mexicano Mifel,2016,8,10,cabo san lucas,8/08/2016,798110.2701,Dur,0,$
Western & Southern Financial Group Masters,2016,8,15,cincinnati,14/08/2016,4828737.044,Dur,0,$
Winston-Salem Open at Wake Forest University,2016,8,21,winston-salem,21/08/2016,707593.2773,Dur,0,$
US Open,2016,8,29,flushing meadows,29/08/2016,25626686.19,Dur,0,$
Open de Moselle,2016,9,19,metz,19/09/2016,463520,Dur,1,€
St. Petersburg Open,2016,9,19,saint-pétersbourg,19/09/2016,1022280.266,Dur,1,$
Chengdu Open,2016,9,26,chengdu,26/09/2016,930811.3362,Dur,0,$
Shenzhen Open,2016,9,26,shenzhen,26/09/2016,709862.4284,Dur,0,$
China Open,2016,10,3,pékin,3/10/2016,3228337.945,Dur,0,$
Rakuten Japan Open Tennis Championships,2016,10,3,tokyo,3/10/2016,1514912.98,Dur,0,$
Shanghai Masters,2016,10,9,shanghai,10/10/2016,6035925.455,Dur,0,$
European Open,2016,10,17,anvers,17/10/2016,566525,Dur,1,€
Kremlin Cup,2016,10,17,moscou,17/10/2016,793926.1768,Dur,1,$
Stockholm Open,2016,10,17,stockholm,17/10/2016,566525,Dur,1,€
Swiss Indoors,2016,10,24,bâle,24/10/2016,1701320,Dur,1,€
Erste Bank Open,2016,10,24,vienne,24/10/2016,1884645,Dur,1,€
BNP Paribas Masters,2016,10,31,paris,31/10/2016,3748925,Dur,1,€
Masters Cup,2016,11,13,londres,13/11/2016,7748321,Dur,1,$
Brisbane International,2017,1,1,brisbane,1/01/2017,494102.0627,Dur,0,$
Chennai Open,2017,1,2,chennai,2/01/2017,505511.8913,Dur,0,$
Qatar Exxon Mobil Open,2017,1,2,doha,2/01/2017,1397636.222,Dur,0,$
ASB Classic,2017,1,8,auckland,9/01/2017,508482.9655,Dur,0,$
Apia International,2017,1,8,sydney,8/01/2017,494102.0627,Dur,0,$
Australian Open,2017,1,16,melbourne,16/01/2017,33330242.4,Dur,0,AU$
Open Sud de France,2017,2,6,montpellier,6/02/2017,482060,Dur,1,€
Ecuador Open,2017,2,6,quito,6/02/2017,544576.4332,Terre,0,$
Garanti Koza Sofia Open,2017,2,6,sofia,6/02/2017,482060,Dur,1,€
Argentina Open,2017,2,13,buenos aires,13/02/2017,617576.7425,Terre,0,$
Memphis Open,2017,2,13,memphis,13/02/2017,726105.6765,Dur,1,$
ABN AMRO World Tennis Tournament,2017,2,13,rotterdam,13/02/2017,1724930,Dur,1,€
Delray Beach Open,2017,2,20,delray beach,20/02/2017,603958.3778,Dur,0,$
Open 13,2017,2,20,marseille,20/02/2017,620660,Dur,1,€
Rio Open,2017,2,20,rio de janeiro,20/02/2017,1651103.87,Terre,0,$
Abierto Mexicano,2017,2,27,acapulco,27/02/2017,1684712.029,Dur,0,$
Dubai Tennis Championships,2017,2,27,dubaï,27/02/2017,2744176.747,Dur,0,$
Brasil Open,2017,2,27,são paulo,27/02/2017,514645.4026,Terre,0,$
BNP Paribas Open,2017,3,9,indian wells,9/03/2017,7900402.557,Dur,0,$
Sony Ericsson Open,2017,3,22,miami,22/03/2017,7900402.557,Dur,0,$
U.S. Men's Clay Court Championships,2017,4,10,houston,10/04/2017,605088.0638,Terre,0,$
Grand Prix Hassan II,2017,4,10,marrakech,10/04/2017,482060,Terre,0,€
Monte Carlo Masters,2017,4,16,monte-carlo,16/04/2017,4273775,Terre,0,€
Open Banco Sabadell ,2017,4,24,barcelone,24/04/2017,2324905,Terre,0,€
Gazprom Hungarian Open,2017,4,24,budapest,24/04/2017,482060,Terre,0,€
Millenium Estoril Open,2017,5,1,estoril,1/05/2017,482060,Terre,0,€
Istanbul Open,2017,5,1,istanbul,1/05/2017,439005,Terre,0,€
BMW Open,2017,5,1,munich,1/05/2017,482060,Terre,0,€
Mutua Madrid Open,2017,5,7,madrid,7/05/2017,5439350,Terre,0,€
Internazionali BNL d'Italia,2017,5,14,rome,14/05/2017,4273775,Terre,0,€
Geneva Open,2017,5,21,genève,21/05/2017,482060,Terre,0,€
Lyon Open,2017,5,21,lyon,21/05/2017,482060,Terre,0,€
French Open,2017,5,28,paris,28/05/2017,16790000,Terre,0,€
Ricoh Open,2017,6,12,bois-le-duc,12/06/2017,589185,Gazon,0,€
Mercedes Cup,2017,6,12,stuttgart,12/06/2017,630785,Gazon,0,€
Gerry Weber Open,2017,6,19,halle (westf.),19/06/2017,1836660,Gazon,0,€
AEGON Championships,2017,6,19,londres,19/06/2017,1836660,Gazon,0,€
Antalya Open,2017,6,25,antalya,25/06/2017,439005,Gazon,0,€
AEGON International,2017,6,26,eastbourne,26/06/2017,635660,Gazon,0,€
Wimbledon,2017,7,3,wimbledon,3/07/2017,13009916.36,Gazon,0,£
SkiStar Swedish Open,2017,7,17,båstad,17/07/2017,482060,Terre,0,€
Hall of Fame Championships,2017,7,17,newport,17/07/2017,605088.0638,Gazon,0,$
Croatia Open,2017,7,17,umag,17/07/2017,482060,Terre,0,€
BB&T Atlanta Open,2017,7,24,atlanta,24/07/2017,726105.6765,Dur,0,$
Suisse Open Gstaad,2017,7,24,gstaad,24/07/2017,482060,Terre,0,€
German Tennis Championships,2017,7,24,hambourg,24/07/2017,1499940,Terre,0,€
Generali Open,2017,7,31,kitzbühel,31/07/2017,482060,Terre,0,€
Abierto Mexicano Mifel,2017,8,1,cabo san lucas,31/07/2017,720056.208,Dur,0,$
Citi Open,2017,7,31,washington d.c.,31/07/2017,1977040.875,Dur,0,$
Rogers Masters,2017,8,7,montréal,7/08/2017,5266935.038,Dur,0,$
Western & Southern Financial Group Masters,2017,8,13,cincinnati,13/08/2017,5618064.04,Dur,0,$
Winston-Salem Open at Wake Forest University,2017,8,20,winston-salem,20/08/2017,751043.495,Dur,0,$
US Open,2017,8,28,flushing meadows,28/08/2017,27330945.27,Dur,0,$
Open de Moselle,2017,9,18,metz,18/09/2017,482060,Dur,1,€
St. Petersburg Open,2017,9,18,saint-pétersbourg,18/09/2017,1129686,Dur,1,$
Chengdu Open,2017,9,25,chengdu,25/09/2017,1162316.98,Dur,0,$
Shenzhen Open,2017,9,25,shenzhen,25/09/2017,753455.3746,Dur,0,$
China Open,2017,10,2,pékin,2/10/2017,3420779.583,Dur,0,$
Rakuten Japan Open Tennis Championships,2017,10,2,tokyo,2/10/2017,1766597.318,Dur,0,$
Shanghai Masters,2017,10,8,shanghai,8/10/2017,6693265.285,Dur,0,$
European Open,2017,10,16,anvers,16/10/2017,589185,Dur,1,€
Kremlin Cup,2017,10,16,moscou,16/10/2017,842677.9748,Dur,1,$
Stockholm Open,2017,10,17,stockholm,16/10/2017,589185,Dur,1,€
Swiss Indoors,2017,10,23,bâle,23/10/2017,1837425,Dur,1,€
Erste Bank Open,2017,10,23,vienne,23/10/2017,2035415,Dur,1,€
BNP Paribas Masters,2017,10,30,paris,30/10/2017,4273775,Dur,1,€
Masters Cup,2017,11,12,londres,12/11/2017,9037488,Dur,1,$
Brisbane International,2018,1,1,brisbane,31/12/2017,575328.6556,Dur,0,$
Qatar Exxon Mobil Open,2018,1,1,doha,1/01/2018,1578684.605,Dur,0,$
Tata Open,2018,1,1,pune,1/01/2018,615124.7464,Dur,0,$
ASB Classic,2018,1,7,auckland,8/01/2018,615124.7464,Dur,0,$
Sydney International,2018,1,7,sydney,7/01/2018,575328.6556,Dur,0,$
Australian Open,2018,1,15,melbourne,15/01/2018,38873503.23,Dur,0,AU$
Open Sud de France,2018,2,5,montpellier,5/02/2018,501345,Dur,1,€
Ecuador Open,2018,2,5,quito,5/02/2018,615124.7464,Terre,0,$
Garanti Koza Sofia Open,2018,2,5,sofia,5/02/2018,501345,Dur,1,€
Argentina Open,2018,2,12,buenos aires,12/02/2018,697140.1523,Terre,0,$
New York Open,2018,2,12,long island,12/02/2018,820166.3285,Dur,1,$
ABN AMRO World Tennis Tournament,2018,2,12,rotterdam,12/02/2018,1862925,Dur,1,€
Delray Beach Open,2018,2,19,delray beach,19/02/2018,682195.9135,Dur,0,$
Open 13,2018,2,19,marseille,19/02/2018,645485,Dur,1,€
Rio Open,2018,2,19,rio de janeiro,19/02/2018,2080690.788,Terre,0,$
Abierto Mexicano,2018,2,26,acapulco,26/02/2018,2015625.682,Dur,0,$
Dubai Tennis Championships,2018,2,26,dubaï,26/02/2018,3218882.297,Dur,0,$
Brasil Open,2018,2,26,são paulo,26/02/2018,633357.2085,Terre,0,$
BNP Paribas Open,2018,3,8,indian wells,8/03/2018,9781893.846,Dur,0,$
Sony Ericsson Open,2018,3,21,miami,21/03/2018,9781893.846,Dur,0,$
U.S. Men's Clay Court Championships,2018,4,9,houston,9/04/2018,683471.9405,Terre,0,$
Grand Prix Hassan II,2018,4,9,marrakech,9/04/2018,501345,Terre,0,€
Monte Carlo Masters,2018,4,15,monte-carlo,15/04/2018,4872105,Terre,0,€
Open Banco Sabadell ,2018,4,23,barcelone,23/04/2018,2510900,Terre,0,€
Gazprom Hungarian Open,2018,4,23,budapest,23/04/2018,501345,Terre,0,€
Millenium Estoril Open,2018,5,30,estoril,30/04/2018,501345,Terre,0,€
Istanbul Open,2018,5,30,istanbul,30/04/2018,426145,Terre,0,€
BMW Open,2018,5,30,munich,30/04/2018,501345,Terre,0,€
Mutua Madrid Open,2018,5,6,madrid,6/05/2018,6200860,Terre,0,€
Internazionali BNL d'Italia,2018,5,13,rome,13/05/2018,4872105,Terre,0,€
Geneva Open,2018,5,20,genève,20/05/2018,501345,Terre,0,€
Lyon Open,2018,5,20,lyon,20/05/2018,501345,Terre,0,€
French Open,2018,5,27,paris,27/05/2018,0,Terre,0,€
Ricoh Open,2018,6,11,bois-le-duc,11/06/2018,612755,Gazon,0,€
Mercedes Cup,2018,6,11,stuttgart,11/06/2018,656015,Gazon,0,€
Gerry Weber Open,2018,6,18,halle,18/06/2018,1983595,Gazon,0,€
AEGON Championships,2018,6,18,londres,18/06/2018,1983595,Gazon,0,€
Antalya Open,2018,6,24,antalya,24/06/2018,426145,Gazon,0,€
AEGON International,2018,6,25,eastbourne,25/06/2018,661085,Gazon,0,€
Wimbledon,2018,7,2,wimbledon,2/07/2018,0,Gazon,0,£
SkiStar Swedish Open,2018,7,16,båstad,16/07/2018,501345,Terre,0,€
Hall of Fame Championships,2018,7,16,newport,16/07/2018,683471.9405,Gazon,0,$
Croatia Open,2018,7,16,umag,16/07/2018,501345,Terre,0,€
BB&T Atlanta Open,2018,7,23,atlanta,23/07/2018,820166.3285,Dur,0,$
Suisse Open Gstaad,2018,7,23,gstaad,23/07/2018,501345,Terre,0,€
German Tennis Championships,2018,7,23,hambourg,23/07/2018,1619935,Terre,0,€
Generali Open,2018,7,30,kitzbühel,30/07/2018,501345,Terre,0,€
Abierto Mexicano Mifel,2018,8,30,cabo san lucas,30/07/2018,877826.7968,Dur,0,$
Citi Open,2018,7,30,washington d.c.,30/07/2018,2319136.057,Dur,0,$
Rogers Masters,2018,8,6,toronto,6/08/2018,6521264.609,Dur,0,$
Western & Southern Financial Group Masters,2018,8,12,cincinnati,12/08/2018,6956015.583,Dur,0,$
Winston-Salem Open at Wake Forest University,2018,8,19,winston-salem,19/08/2018,848330.9428,Dur,0,$
US Open,2018,8,27,flushing meadows,27/08/2018,0,Dur,0,$
Open de Moselle,2018,9,17,metz,17/09/2018,501345,Dur,1,€
St. Petersburg Open,2018,9,17,saint-pétersbourg,17/09/2018,1330564.843,Dur,1,$
Chengdu Open,2018,9,24,chengdu,24/09/2018,1312884.508,Dur,0,$
Shenzhen Open,2018,9,24,shenzhen,24/09/2018,900157.2686,Dur,0,$
China Open,2018,10,1,pékin,1/10/2018,4173908.725,Dur,0,$
Rakuten Japan Open Tennis Championships,2018,10,1,tokyo,1/10/2018,2186337.232,Dur,0,$
Shanghai Masters,2018,10,7,shanghai,7/10/2018,8695019.478,Dur,0,$
European Open,2018,10,15,anvers,15/10/2018,612755,Dur,1,€
Kremlin Cup,2018,10,15,moscou,15/10/2018,1119811.813,Dur,1,$
Stockholm Open,2018,10,15,stockholm,15/10/2018,612755,Dur,1,€
Swiss Indoors,2018,10,22,bâle,22/10/2018,1984420,Dur,1,€
Erste Bank Open,2018,10,22,vienne,22/10/2018,2198250,Dur,1,€
BNP Paribas Masters,2018,10,29,paris,29/10/2018,4872105,Dur,1,€
Masters Cup,2018,11,11,londres,11/11/2018,10429066.5,Dur,1,$
