Tournament,year,month,day,City,Date_start_tournament,Prize,Surface,Indoor_flag,Currency,ID,pays
Australian Hardcourt Championships,2000,1,3,adélaïde,3/01/2000,300173.9,Hard,0,$,1,australia
Gold Flake Open,2000,1,3,chennai,3/01/2000,374062.86,Hard,0,$,2,india
Qatar Open,2000,1,3,doha,3/01/2000,900521.7,Hard,0,$,3,qatar
Heineken Open,2000,1,10,auckland,10/01/2000,300173.9,Hard,0,$,4,new-zealand
Sydney International,2000,1,10,sydney,10/01/2000,300173.9,Hard,0,$,5,australia
Australian Open,2000,1,17,melbourne,17/01/2000,3569219.143,Hard,0,$,6,australia
Dubai Open,2000,2,7,dubaï,7/02/2000,900521.7,Hard,0,$,7,united arab emirates
Marseille Open,2000,2,7,marseille,7/02/2000,438715.7,Hard,1,$,8,france
Sybase Open,2000,2,7,san josé,7/02/2000,323264.2,Hard,1,$,9,costa rica
ABN AMRO World Tennis Tournament,2000,2,14,rotterdam,14/02/2000,692709,Hard,1,$,11,dutchland
Kroger St. Jude,2000,2,14,memphis,14/02/2000,646528.4,Hard,1,$,10,usa
AXA Cup,2000,2,21,londres,21/02/2000,646528.4,Hard,1,$,12,uk
Mexican Open,2000,2,21,mexico,21/02/2000,646528.4,Clay,0,$,87,mexico
Chevrolet Cup,2000,2,28,santiago,28/02/2000,323264.2,Clay,0,$,72,chile
Citrix Tennis Championships,2000,2,28,delray beach,28/02/2000,300173.9,Hard,0,$,15,usa
Copenhagen Open,2000,2,28,copenhague,28/02/2000,300173.9,Hard,1,$,14,denmark
Colombia Open,2000,3,6,bogota,6/03/2000,323264.2,Clay,0,$,17,colombia
Franklin Templeton Tennis Classic,2000,3,6,scottsdale,6/03/2000,323264.2,Hard,0,$,18,usa
Indian Wells TMS,2000,3,13,indian wells,13/03/2000,2262849.4,Hard,0,$,19,usa
Ericsson Open,2000,3,23,miami,20/03/2000,2493752.4,Hard,0,$,20,usa
Estoril Open,2000,4,10,estoril,10/04/2000,554167.2,Clay,0,$,23,portugal
Galleryfurniture.com Tennis Challenge,2000,4,10,atlanta,10/04/2000,323264.2,Clay,0,$,21,usa
Grand Prix Hassan II,2000,4,10,casablanca,10/04/2000,300173.9,Clay,0,$,22,tunisia
Monte Carlo Masters,2000,4,17,monte-carlo,17/04/2000,2262849.4,Clay,0,$,24,monaco
Open Seat Godo,2000,4,24,barcelone,24/04/2000,831250.8,Clay,0,$,25,spain
BMW Open,2000,5,1,munich,1/05/2000,346354.5,Clay,0,$,27,germany
Mallorca Open,2000,5,1,palma de majorque,1/05/2000,438715.7,Clay,0,$,85,spain
U.S. Clay Court Championships,2000,5,1,orlando,1/05/2000,300173.9,Clay,0,$,99,usa
Rome TMS,2000,5,8,rome,8/05/2000,2262849.4,Clay,0,$,29,italy
Hamburg TMS,2000,5,15,hambourg,15/05/2000,2262849.4,Clay,0,$,30,germany
Internationaler Raiffeisen Grand Prix,2000,5,22,sankt pölten,22/05/2000,369444.8,Clay,0,$,31,austria
French Open,2000,5,29,paris,29/05/2000,4215831.592,Clay,0,$,32,france
Gerry Weber Open,2000,6,12,halle (westf.),12/06/2000,900521.7,Grass,0,$,33,germany
Stella Artois,2000,6,12,londres,12/06/2000,715799.3,Grass,0,$,34,uk
Heineken Trophy,2000,6,19,bois-le-duc,19/06/2000,346354.5,Grass,0,$,36,dutchland
Nottingham Open,2000,6,19,nottingham,19/06/2000,323264.2,Grass,0,$,35,uk
Wimbledon,2000,6,26,wimbledon,26/06/2000,5139754.849,Grass,0,$,37,uk
Gstaad Open,2000,7,10,gstaad,10/07/2000,554167.2,Clay,0,$,39,switzerland
Hall of Fame Championships,2000,7,10,newport,10/07/2000,323264.2,Grass,0,$,40,usa
Swedish Open,2000,7,10,båstad,10/07/2000,323264.2,Clay,0,$,38,sweden
Croatia Open,2000,7,17,umag,17/07/2000,346354.5,Clay,0,$,43,croatia
Dutch Open,2000,7,17,amsterdam,17/07/2000,346354.5,Clay,0,$,41,dutchland
Mercedes Cup,2000,7,17,stuttgart,17/07/2000,831250.8,Clay,0,$,42,germany
Generali Open,2000,7,24,kitzbühel,24/07/2000,646528.4,Clay,0,$,44,austria
Mercedes-Benz Cup,2000,7,24,los angeles,24/07/2000,323264.2,Hard,0,$,45,usa
Tennis Int'l of San Marino,2000,7,24,saint-marin,24/07/2000,300173.9,Clay,0,$,46,san marino
Toronto TMS,2000,7,31,toronto,31/07/2000,2262849.4,Hard,0,$,202,canada
Cincinnati TMS,2000,8,7,cincinnati,7/08/2000,2262849.4,Hard,0,$,48,usa
Legg Mason Classic,2000,8,14,washington,14/08/2000,646528.4,Hard,0,$,50,usa
RCA Championships,2000,8,14,indianapolis,14/08/2000,646528.4,Hard,0,$,49,usa
The Hamlet Cup,2000,8,21,long island,21/08/2000,360393.4024,Hard,0,$,51,usa
US Open,2000,8,28,flushing meadows,28/08/2000,5972998.804,Hard,0,$,52,usa
Open Romania,2000,9,11,bucarest,11/09/2000,323264.2,Clay,0,$,53,romania
President's Cup,2000,9,11,tachkent,11/09/2000,461806,Hard,0,$,54,ouzbekistan
Campionati Internazionali Di Sicilia,2000,9,25,palerme,25/09/2000,323264.2,Clay,0,$,55,italy
Salem Open,2000,10,2,hong kong,2/10/2000,323264.2,Hard,0,$,56,hong-kong
CA Tennis Trophy,2000,10,9,vienne,9/10/2000,646528.4,Hard,1,$,58,austria
Japan Open,2000,10,9,tokyo,9/10/2000,646528.4,Hard,0,$,57,japan
adidas Open,2000,10,16,toulouse,16/10/2000,346354.5,Hard,1,$,60,france
Shanghai Open,2000,10,16,shanghai,16/10/2000,323264.2,Hard,0,$,59,china
Kremlin Cup,2000,10,23,moscou,23/10/2000,900521.7,Carpet,1,$,62,russia
Swiss Indoors,2000,10,23,bâle,23/10/2000,900521.7,Carpet,1,$,61,switzerland
Stuttgart TMS,2000,10,30,stuttgart,30/10/2000,2262849.4,Hard,1,$,63,germany
Grand Prix de Lyon,2000,11,6,lyon,6/11/2000,715799.3,Carpet,1,$,64,france
St. Petersburg Open,2000,11,6,saint-pétersbourg,6/11/2000,715799.3,Hard,1,$,65,russia
BNP Paribas,2000,11,13,paris,13/11/2000,2262849.4,Carpet,1,$,66,france
Samsung Open,2000,11,20,brighton,20/11/2000,346354.5,Hard,1,$,67,uk
Stockholm Open,2000,11,20,stockholm,20/11/2000,715799.3,Hard,1,$,68,sweden
Masters Cup,2000,11,27,lisbonne,27/11/2000,3417364.4,Hard,1,$,300,portugal
AAPT Championships,2001,1,1,adélaïde,1/01/2001,313449.85,Hard,0,$,1,australia
Qatar Open,2001,1,1,doha,1/01/2001,873181.725,Hard,0,$,3,qatar
TATA Open,2001,1,1,chennai,1/01/2001,335839.125,Hard,0,$,2,india
adidas International,2001,1,8,sydney,8/01/2001,335839.125,Hard,0,$,5,australia
Heineken Open,2001,1,8,auckland,8/01/2001,313449.85,Hard,0,$,4,new-zealand
Australian Open,2001,1,15,melbourne,15/01/2001,3195677.642,Hard,0,$,6,australia
Colombia Open,2001,1,29,bogota,28/01/2001,313449.85,Clay,0,$,17,colombia
Milan Indoors,2001,1,29,milan,29/01/2001,335839.125,Carpet,1,$,72,italy
Bellsouth Open,2001,2,12,viña del mar,12/02/2001,313449.85,Clay,0,$,72,chile
Copenhagen Open,2001,2,12,copenhague,12/02/2001,291060.575,Hard,1,$,14,denmark
Marseille Open,2001,2,12,marseille,12/02/2001,425396.225,Hard,1,$,8,france
ABN AMRO World Tennis Tournament,2001,2,19,rotterdam,19/02/2001,671678.25,Hard,1,$,11,dutchland
Copa AT&T,2001,2,19,buenos aires,19/02/2001,537342.6,Clay,0,$,90,argentina
Kroger St. Jude,2001,2,19,memphis,19/02/2001,626899.7,Hard,1,$,10,usa
Abierto Mexicano,2001,2,26,acapulco,26/02/2001,626899.7,Clay,0,$,87,mexico
Dubai Championships,2001,2,26,dubaï,26/02/2001,806013.9,Hard,0,$,7,united arab emirates
Sybase Open,2001,2,26,san josé,26/02/2001,335839.125,Hard,1,$,9,costa rica
Citrix Tennis Championships,2001,3,5,delray beach,5/03/2001,291060.575,Hard,0,$,15,usa
Franklin Templeton Tennis Classic,2001,3,5,scottsdale,5/03/2001,335839.125,Hard,0,$,18,usa
Indian Wells TMS,2001,3,12,indian wells,12/03/2001,2194148.95,Hard,0,$,19,usa
Ericsson Open,2001,3,19,miami,19/03/2001,2597155.9,Hard,0,$,20,usa
Estoril Open,2001,4,9,estoril,9/04/2001,537342.6,Clay,0,$,23,portugal
Grand Prix Hassan II,2001,4,9,casablanca,9/04/2001,291060.575,Clay,0,$,22,tunisia
Monte Carlo Masters,2001,4,16,monte-carlo,16/04/2001,2194148.95,Clay,0,$,24,monaco
Open Seat Godo,2001,4,23,barcelone,23/04/2001,806013.9,Clay,0,$,25,spain
Verizon Tennis Challenge,2001,4,23,atlanta,23/04/2001,335839.125,Clay,0,$,21,usa
BMW Open,2001,4,30,munich,30/04/2001,335839.125,Clay,0,$,27,germany
Mallorca Open,2001,4,30,palma de majorque,30/04/2001,425396.225,Clay,0,$,85,spain
U.S. Men's Clay Court Championships,2001,4,30,houston,30/04/2001,291060.575,Clay,0,$,99,usa
Rome TMS,2001,5,7,rome,7/05/2001,2194148.95,Clay,0,$,29,italy
Hamburg TMS,2001,5,14,hambourg,14/05/2001,2194148.95,Clay,0,$,30,germany
Internationaler Raiffeisen Grand Prix,2001,5,21,sankt pölten,21/05/2001,358228.4,Clay,0,$,31,austria
French Open,2001,5,28,paris,28/05/2001,4209905.53,Clay,0,$,32,france
Gerry Weber Open,2001,6,11,halle (westf.),11/06/2001,873181.725,Grass,0,$,33,germany
Stella Artois,2001,6,11,londres,11/06/2001,694067.525,Grass,0,$,34,uk
Heineken Trophy,2001,6,18,bois-le-duc,18/06/2001,335839.125,Grass,0,$,36,dutchland
Nottingham Open,2001,6,18,nottingham,18/06/2001,335839.125,Grass,0,$,35,uk
Wimbledon,2001,6,25,wimbledon,25/06/2001,4904293.67,Grass,0,$,37,uk
Gstaad Open,2001,7,9,gstaad,9/07/2001,514953.325,Clay,0,$,39,switzerland
Hall of Fame Championships,2001,7,9,newport,9/07/2001,335839.125,Grass,0,$,40,usa
Swedish Open,2001,7,9,båstad,9/07/2001,335839.125,Clay,0,$,38,sweden
Croatia Open,2001,7,16,umag,16/07/2001,335839.125,Clay,0,$,43,croatia
Dutch Open,2001,7,16,amsterdam,16/07/2001,335839.125,Clay,0,$,41,dutchland
Mercedes Cup,2001,7,16,stuttgart,16/07/2001,626899.7,Clay,0,$,42,germany
Generali Open,2001,7,23,kitzbühel,23/07/2001,716456.8,Clay,0,$,44,austria
Idea Prokom Open,2001,7,23,sopot,23/07/2001,335839.125,Clay,0,$,82,poland
Mercedes-Benz Cup,2001,7,23,los angeles,23/07/2001,335839.125,Hard,0,$,45,usa
Montreal TMS,2001,7,30,montréal,30/07/2001,2194148.95,Hard,0,$,202,canada
Cincinnati TMS,2001,8,6,cincinnati,6/08/2001,2194148.95,Hard,0,$,48,usa
Legg Mason Classic,2001,8,13,washington,13/08/2001,626899.7,Hard,0,$,50,usa
RCA Championships,2001,8,13,indianapolis,13/08/2001,626899.7,Hard,0,$,49,usa
Hamlet Cup,2001,8,20,long island,20/08/2001,349451.8042,Hard,0,$,51,usa
US Open,2001,8,27,flushing meadows,27/08/2001,5891066.038,Hard,0,$,52,usa
Brasil Open,2001,9,10,costa do sauípe,10/09/2001,335839.125,Hard,0,$,93,brasil
Gelsor Open,2001,9,10,bucarest,10/09/2001,335839.125,Clay,0,$,53,romania
President's Cup,2001,9,10,tachkent,10/09/2001,470174.775,Hard,0,$,54,ouzbekistan
Shanghai Open,2001,9,17,shanghai,17/09/2001,335839.125,Hard,0,$,59,china
Campionati Internazionali Di Sicilia,2001,9,24,palerme,24/09/2001,335839.125,Clay,0,$,55,italy
Salem Open,2001,9,24,hong kong,24/09/2001,335839.125,Hard,0,$,56,hong-kong
Japan Open,2001,10,1,tokyo,1/10/2001,626899.7,Hard,0,$,57,japan
Kremlin Cup,2001,10,1,moscou,1/10/2001,873181.725,Carpet,1,$,62,russia
CA Tennis Trophy,2001,10,8,vienne,8/10/2001,626899.7,Hard,1,$,58,austria
Grand Prix de Lyon,2001,10,8,lyon,8/10/2001,694067.525,Carpet,1,$,64,france
Stuttgart TMS,2001,10,15,stuttgart,15/10/2001,2194148.95,Hard,1,$,63,germany
St. Petersburg Open,2001,10,22,saint-pétersbourg,22/10/2001,694067.525,Hard,1,$,65,russia
Stockholm Open,2001,10,22,stockholm,22/10/2001,694067.525,Hard,1,$,68,sweden
Swiss Indoors,2001,10,22,bâle,22/10/2001,873181.725,Carpet,1,$,61,switzerland
BNP Paribas,2001,10,29,paris,29/10/2001,2194148.95,Carpet,1,$,66,france
Masters Cup,2001,11,12,sydney,12/11/2001,3313612.7,Hard,1,$,300,australia
adidas International,2002,1,7,sydney,7/01/2002,336624.344,Hard,0,$,5,australia
Heineken Open,2002,1,7,auckland,7/01/2002,313930.568,Hard,0,$,4,new-zealand
Australian Open,2002,1,14,melbourne,14/01/2002,3713467.669,Hard,0,$,6,australia
Milan Indoors,2002,1,28,milan,28/01/2002,336624.344,Carpet,1,$,72,italy
Bellsouth Open,2002,2,11,viña del mar,11/02/2002,336624.344,Clay,0,$,72,chile
Copenhagen Open,2002,2,11,copenhague,11/02/2002,336624.344,Hard,1,$,14,denmark
Marseille Open,2002,2,11,marseille,11/02/2002,426453.874,Hard,1,$,8,france
ABN AMRO World Tennis Tournament,2002,2,18,rotterdam,18/02/2002,674194.262,Hard,1,$,11,dutchland
Copa AT&T,2002,2,18,buenos aires,18/02/2002,378229.6,Clay,0,$,90,argentina
Kroger St. Jude,2002,2,18,memphis,18/02/2002,661901.8,Hard,1,$,10,usa
Abierto Mexicano,2002,2,25,acapulco,25/02/2002,661901.8,Clay,0,$,87,mexico
Dubai Championships,2002,2,25,dubaï,25/02/2002,851016.6,Hard,0,$,7,united arab emirates
Sybase Open,2002,2,25,san josé,25/02/2002,354590.25,Hard,1,$,9,costa rica
Citrix Tennis Championships,2002,3,4,delray beach,4/03/2002,354590.25,Hard,0,$,15,usa
Franklin Templeton Tennis Classic,2002,3,4,scottsdale,4/03/2002,354590.25,Hard,0,$,18,usa
Pacific Life Open,2002,3,11,indian wells,11/03/2002,2316656.3,Hard,0,$,19,usa
NASDAQ-100 Open,2002,3,18,miami,18/03/2002,2907640.05,Hard,0,$,20,usa
Estoril Open,2002,4,8,estoril,8/04/2002,562616.53,Clay,0,$,23,portugal
Grand Prix Hassan II,2002,4,8,casablanca,8/04/2002,336624.344,Clay,0,$,22,tunisia
Monte Carlo Masters,2002,4,15,monte-carlo,15/04/2002,2201296.272,Clay,0,$,24,monaco
Open Seat Godo,2002,4,22,barcelone,22/04/2002,903023.17,Clay,0,$,25,spain
U.S. Men's Clay Court Championships,2002,4,22,houston,22/04/2002,354590.25,Clay,0,$,99,usa
BMW Open,2002,4,29,munich,29/04/2002,336624.344,Clay,0,$,27,germany
Mallorca Open,2002,4,29,palma de majorque,29/04/2002,336624.344,Clay,0,$,85,spain
Rome TMS,2002,5,6,rome,6/05/2002,2201296.272,Clay,0,$,29,italy
Hamburg TMS,2002,5,13,hambourg,13/05/2002,2201296.272,Clay,0,$,30,germany
Internationaler Raiffeisen Grand Prix,2002,5,20,sankt pölten,20/05/2002,336624.344,Clay,0,$,31,austria
French Open,2002,5,27,paris,27/05/2002,4981790.66,Clay,0,$,32,france
Gerry Weber Open,2002,6,10,halle (westf.),10/06/2002,695942.464,Grass,0,$,33,germany
Queens Club,2002,6,10,londres,10/06/2002,695942.464,Grass,0,$,34,uk
Nottingham Open,2002,6,17,nottingham,17/06/2002,336624.344,Grass,0,$,35,uk
Ordina Open,2002,6,17,bois-le-duc,17/06/2002,336624.344,Grass,0,$,36,dutchland
Wimbledon,2002,6,24,wimbledon,24/06/2002,5731267.741,Grass,0,$,37,uk
Gstaad Open,2002,7,8,gstaad,8/07/2002,543705.05,Clay,0,$,39,switzerland
Hall of Fame Championships,2002,7,8,newport,8/07/2002,354590.25,Grass,0,$,40,usa
Swedish Open,2002,7,8,båstad,8/07/2002,336624.344,Clay,0,$,38,sweden
Croatia Open,2002,7,15,umag,15/07/2002,336624.344,Clay,0,$,43,croatia
Energis Open,2002,7,15,amersfoort,15/07/2002,336624.344,Clay,0,$,41,dutchland
Mercedes Cup,2002,7,15,stuttgart,15/07/2002,449147.65,Clay,0,$,42,germany
Generali Open,2002,7,22,kitzbühel,22/07/2002,808465.77,Clay,0,$,44,austria
Idea Prokom Open,2002,7,22,sopot,22/07/2002,336624.344,Clay,0,$,82,poland
Mercedes-Benz Cup,2002,7,22,los angeles,22/07/2002,354590.25,Hard,0,$,45,usa
Toronto TMS,2002,7,29,toronto,29/07/2002,2316656.3,Hard,0,$,202,canada
Cincinnati TMS,2002,8,5,cincinnati,5/08/2002,2316656.3,Hard,0,$,48,usa
Legg Mason Classic,2002,8,12,washington,12/08/2002,661901.8,Hard,0,$,50,usa
RCA Championships,2002,8,12,indianapolis,12/08/2002,661901.8,Hard,0,$,49,usa
TD Waterhouse Cup,2002,8,19,long island,19/08/2002,430236.17,Hard,0,$,51,usa
US Open,2002,8,26,flushing meadows,26/08/2002,6508385.842,Hard,0,$,52,usa
Brasil Open,2002,9,9,costa do sauípe,9/09/2002,516283.404,Hard,0,$,93,brasil
Open Romania,2002,9,9,bucarest,9/09/2002,336624.344,Clay,0,$,53,romania
President's Cup,2002,9,9,tachkent,9/09/2002,496426.35,Hard,0,$,54,ouzbekistan
Campionati Internazionali Di Sicilia,2002,9,23,palerme,23/09/2002,336624.344,Clay,0,$,55,italy
Salem Open,2002,9,23,hong kong,23/09/2002,354590.25,Hard,0,$,56,hong-kong
Japan Open,2002,9,30,tokyo,30/09/2002,661901.8,Hard,0,$,57,japan
Kremlin Cup,2002,9,30,moscou,30/09/2002,921934.65,Carpet,1,$,62,russia
CA Tennis Trophy,2002,10,7,vienne,7/10/2002,723364.11,Hard,1,$,58,austria
Grand Prix de Lyon,2002,10,7,lyon,7/10/2002,695942.464,Carpet,1,$,64,france
Madrid Masters,2002,10,14,madrid,14/10/2002,2201296.272,Hard,1,$,107,spain
St. Petersburg Open,2002,10,21,saint-pétersbourg,21/10/2002,921934.65,Hard,1,$,65,russia
Stockholm Open,2002,10,21,stockholm,21/10/2002,590983.75,Hard,1,$,68,sweden
Swiss Indoors,2002,10,21,bâle,21/10/2002,921934.65,Carpet,1,$,61,switzerland
BNP Paribas,2002,10,28,paris,28/10/2002,2201296.272,Carpet,1,$,66,france
Masters Cup,2002,11,11,shanghai,11/11/2002,3498623.8,Hard,1,$,300,china
AAPT Championships,2001,12,30,adélaïde,31/12/2001,313930.568,Hard,0,$,1,australia
Qatar Open,2001,12,30,doha,31/12/2001,921934.65,Hard,0,$,3,qatar
TATA Open,2001,12,30,chennai,31/12/2001,354590.25,Hard,0,$,2,india
AAPT Championships,2003,1,1,adélaïde,30/12/2002,375541.136,Hard,0,$,1,australia
Qatar Exxon Mobil Open,2003,1,1,doha,30/12/2002,1102869.3,Hard,0,$,3,qatar
TATA Open,2003,1,1,chennai,30/12/2002,401557.54,Hard,0,$,2,india
adidas International,2003,1,6,sydney,6/01/2003,364229.656,Hard,0,$,5,australia
Heineken Open,2003,1,6,auckland,6/01/2003,364229.656,Hard,0,$,4,new-zealand
Australian Open,2003,1,13,melbourne,13/01/2003,5499078.264,Hard,0,$,6,australia
Breil ATP,2003,1,27,milan,27/01/2003,401557.54,Carpet,1,$,72,italy
Bellsouth Open,2003,2,10,viña del mar,10/02/2003,361967.36,Clay,0,$,72,chile
Open 13,2003,2,10,marseille,10/02/2003,537295.3,Hard,1,$,8,france
Siebel Open,2003,2,11,san josé,10/02/2003,401557.54,Hard,1,$,9,costa rica
ABN AMRO World Tennis Tournament,2003,2,17,rotterdam,17/02/2003,904918.4,Hard,1,$,11,dutchland
Copa AT&T,2003,2,17,buenos aires,17/02/2003,401557.54,Clay,0,$,90,argentina
Kroger St. Jude,2003,2,17,memphis,17/02/2003,752213.42,Hard,1,$,10,usa
Abierto Mexicano,2003,2,24,acapulco,24/02/2003,752213.42,Clay,0,$,87,mexico
Copenhagen Open,2003,2,24,copenhague,24/02/2003,401557.54,Hard,1,$,14,denmark
Dubai Championships,2003,2,24,dubaï,24/02/2003,1102869.3,Hard,0,$,7,united arab emirates
Franklin Templeton Tennis Classic,2003,3,3,scottsdale,3/03/2003,401557.54,Hard,0,$,18,usa
International Championships,2003,3,3,delray beach,3/03/2003,401557.54,Hard,0,$,15,usa
Pacific Life Open,2003,3,10,indian wells,10/03/2003,2488525.6,Hard,0,$,19,usa
NASDAQ-100 Open,2003,3,19,miami,17/03/2003,3393444,Hard,0,$,20,usa
Estoril Open,2003,4,7,estoril,7/04/2003,565574,Clay,0,$,23,portugal
Grand Prix Hassan II,2003,4,7,casablanca,7/04/2003,424180.5,Clay,0,$,22,tunisia
Monte Carlo Masters,2003,4,14,monte-carlo,14/04/2003,2488525.6,Clay,0,$,24,monaco
Open Seat Godo,2003,4,21,barcelone,21/04/2003,1018033.2,Clay,0,$,25,spain
U.S. Men's Clay Court Championships,2003,4,21,houston,21/04/2003,401557.54,Clay,0,$,99,usa
BMW Open,2003,4,28,munich,28/04/2003,401557.54,Clay,0,$,27,germany
CAM Open Comunidad Valenciana,2003,4,28,valence,28/04/2003,424180.5,Clay,0,$,85,spain
Telecom Italia Masters Roma,2003,5,5,rome,5/05/2003,2488525.6,Clay,0,$,29,italy
Hamburg TMS,2003,5,12,hambourg,12/05/2003,2488525.6,Clay,0,$,30,germany
Internationaler Raiffeisen Grand Prix,2003,5,18,sankt pölten,18/05/2003,401557.54,Clay,0,$,31,austria
French Open,2003,5,26,paris,26/05/2003,8147338.929,Clay,0,$,32,france
Gerry Weber Open,2003,6,9,halle (westf.),9/06/2003,876639.7,Grass,0,$,33,germany
Stella Artois,2003,6,9,londres,9/06/2003,904918.4,Grass,0,$,34,uk
Nottingham Open,2003,6,16,nottingham,16/06/2003,401557.54,Grass,0,$,35,uk
Ordina Open,2003,6,16,bois-le-duc,16/06/2003,401557.54,Grass,0,$,36,dutchland
Wimbledon,2003,6,23,wimbledon,23/06/2003,8177331.318,Grass,0,$,37,uk
Allianz Suisse Open,2003,7,7,gstaad,7/07/2003,593852.7,Clay,0,$,39,switzerland
Hall of Fame Championships,2003,7,7,newport,7/07/2003,401557.54,Grass,0,$,40,usa
Swedish Open,2003,7,7,båstad,7/07/2003,401557.54,Clay,0,$,38,sweden
Mercedes Cup,2003,7,14,stuttgart,14/07/2003,752213.42,Clay,0,$,42,germany
Priority Telecom Dutch Open,2003,7,14,amersfoort,14/07/2003,401557.54,Clay,0,$,41,dutchland
Croatia Open,2003,7,21,umag,21/07/2003,424180.5,Clay,0,$,43,croatia
Generali Open,2003,7,21,kitzbühel,21/07/2003,1018033.2,Clay,0,$,44,austria
RCA Championships,2003,7,21,indianapolis,21/07/2003,650410.1,Hard,0,$,49,usa
Legg Mason Classic,2003,7,28,washington,28/07/2003,650410.1,Hard,0,$,50,usa
Mercedes-Benz Cup,2003,7,28,los angeles,28/07/2003,401557.54,Hard,0,$,45,usa
Idea Prokom Open,2003,7,29,sopot,28/07/2003,537295.3,Clay,0,$,82,poland
Montreal TMS,2003,8,4,montréal,4/08/2003,2488525.6,Hard,0,$,202,canada
Western & Southern Financial Group Masters,2003,8,11,cincinnati,11/08/2003,2488525.6,Hard,0,$,48,usa
TD Waterhouse Cup,2003,8,18,long island,18/08/2003,401557.54,Hard,0,$,51,usa
US Open,2003,8,25,flushing meadows,25/08/2003,8298101.728,Hard,0,$,52,usa
Brasil Open,2003,9,8,costa do sauípe,8/09/2003,401557.54,Hard,0,$,93,brasil
Open Romania,2003,9,8,bucarest,8/09/2003,401557.54,Clay,0,$,53,romania
Campionati Internazionali Di Sicilia,2003,9,22,palerme,22/09/2003,401557.54,Clay,0,$,55,italy
Shanghai Open,2003,9,22,shanghai,22/09/2003,401557.54,Hard,0,$,59,china
Thailand Open,2003,9,22,bangkok,22/09/2003,593852.7,Hard,1,$,88,thailand
Japan Open,2003,9,29,tokyo,29/09/2003,752213.42,Hard,0,$,57,japan
Kremlin Cup,2003,9,29,moscou,29/09/2003,1102869.3,Carpet,1,$,62,russia
Open de Moselle,2003,9,29,metz,29/09/2003,401557.54,Hard,1,$,230,france
CA Tennis Trophy,2003,10,6,vienne,6/10/2003,752213.42,Hard,1,$,58,austria
Grand Prix de Lyon,2003,10,6,lyon,6/10/2003,876639.7,Carpet,1,$,64,france
Madrid Masters,2003,10,13,madrid,13/10/2003,2488525.6,Hard,1,$,107,spain
St. Petersburg Open,2003,10,20,saint-pétersbourg,20/10/2003,1102869.3,Hard,1,$,65,russia
Stockholm Open,2003,10,20,stockholm,20/10/2003,706967.5,Hard,1,$,68,sweden
Swiss Indoors,2003,10,21,bâle,20/10/2003,1102869.3,Carpet,1,$,61,switzerland
BNP Paribas,2003,10,27,paris,27/10/2003,2488525.6,Carpet,1,$,66,france
Masters Cup,2003,11,10,houston,10/11/2003,4185247.6,Hard,0,$,300,usa
AAPT Championships,2004,1,5,adélaïde,5/01/2004,441599.765,Hard,0,$,1,australia
Qatar Exxon Mobil Open,2004,1,5,doha,5/01/2004,1212844.425,Hard,0,$,3,qatar
TATA Open,2004,1,5,chennai,5/01/2004,441599.765,Hard,0,$,2,india
Heineken Open,2004,1,11,auckland,11/01/2004,471454.397,Hard,0,$,4,new-zealand
adidas International,2004,1,12,sydney,12/01/2004,441599.765,Hard,0,$,5,australia
Australian Open,2004,1,19,melbourne,19/01/2004,8379744.895,Hard,0,$,6,australia
Bellsouth Open,2004,2,9,viña del mar,9/02/2004,383134.444,Clay,0,$,72,chile
Siebel Open,2004,2,9,san josé,9/02/2004,441599.765,Hard,1,$,9,costa rica
Indesit ATP Milano Indoor ,2004,2,10,milan,9/02/2004,441599.765,Carpet,1,$,72,italy
ABN AMRO World Tennis Tournament,2004,2,16,rotterdam,16/02/2004,1002002.306,Hard,1,$,11,dutchland
ATP Buenos Aires 2004,2004,2,16,buenos aires,16/02/2004,441599.765,Clay,0,$,90,argentina
Kroger St. Jude,2004,2,16,memphis,16/02/2004,827222.095,Hard,1,$,10,usa
Brasil Open,2004,2,23,costa do sauípe,23/02/2004,441599.765,Clay,0,$,93,brasil
Open 13,2004,2,23,marseille,23/02/2004,746365.8,Hard,1,$,8,france
Abierto Mexicano,2004,3,1,acapulco,1/03/2004,779952.261,Clay,0,$,87,mexico
Dubai Championships,2004,3,1,dubaï,1/03/2004,1212844.425,Hard,0,$,7,united arab emirates
Franklin Templeton Tennis Classic,2004,3,1,scottsdale,1/03/2004,441599.765,Hard,0,$,18,usa
Pacific Life Open,2004,3,12,indian wells,8/03/2004,3145931.847,Hard,0,$,19,usa
NASDAQ-100 Open,2004,3,24,miami,22/03/2004,3980617.6,Hard,0,$,20,usa
CAM Open Comunidad Valenciana,2004,4,12,valence,12/04/2004,466478.625,Clay,0,$,85,spain
Estoril Open,2004,4,12,estoril,12/04/2004,621971.5,Clay,0,$,23,portugal
U.S. Men's Clay Court Championships,2004,4,12,houston,12/04/2004,441599.765,Clay,0,$,99,usa
Monte Carlo Masters,2004,4,19,monte-carlo,19/04/2004,2736674.6,Clay,0,$,24,monaco
BMW Open,2004,4,26,munich,26/04/2004,441599.765,Clay,0,$,27,germany
Open Seat Godo,2004,4,26,barcelone,26/04/2004,1243943,Clay,0,$,25,spain
Telecom Italia Masters Roma,2004,5,3,rome,3/05/2004,2736674.6,Clay,0,$,29,italy
Hamburg TMS,2004,5,10,hambourg,10/05/2004,2736674.6,Clay,0,$,30,germany
Grand Prix Hassan II,2004,5,16,casablanca,16/05/2004,441599.765,Clay,0,$,22,tunisia
Internationaler Raiffeisen Grand Prix,2004,5,17,sankt pölten,17/05/2004,441599.765,Clay,0,$,31,austria
French Open,2004,5,24,paris,24/05/2004,9282698.24,Clay,0,$,32,france
Gerry Weber Open,2004,6,7,halle (westf.),7/06/2004,954104.281,Grass,0,$,33,germany
Stella Artois,2004,6,7,londres,7/06/2004,954104.281,Grass,0,$,34,uk
Nottingham Open,2004,6,14,nottingham,14/06/2004,441599.765,Grass,0,$,35,uk
Ordina Open,2004,6,14,bois-le-duc,14/06/2004,441599.765,Grass,0,$,36,dutchland
Wimbledon,2004,6,21,wimbledon,21/06/2004,10360433.04,Grass,0,$,37,uk
Allianz Suisse Open,2004,7,5,gstaad,5/07/2004,653070.075,Clay,0,$,39,switzerland
Swedish Open,2004,7,5,båstad,5/07/2004,441599.765,Clay,0,$,38,sweden
Hall of Fame Championships,2004,7,6,newport,5/07/2004,441599.765,Grass,0,$,40,usa
Mercedes Cup,2004,7,12,stuttgart,12/07/2004,733926.37,Clay,0,$,42,germany
Mercedes-Benz Cup,2004,7,12,los angeles,12/07/2004,441599.765,Hard,0,$,45,usa
Priority Telecom Dutch Open,2004,7,12,amersfoort,12/07/2004,441599.765,Clay,0,$,41,dutchland
Croatia Open,2004,7,19,umag,19/07/2004,466478.625,Clay,0,$,43,croatia
Generali Open,2004,7,19,kitzbühel,19/07/2004,973793.4108,Clay,0,$,44,austria
RCA Championships,2004,7,19,indianapolis,19/07/2004,715267.225,Hard,0,$,49,usa
Toronto TMS,2004,7,26,toronto,26/07/2004,3189469.852,Hard,0,$,202,canada
Western & Southern Financial Group Masters,2004,8,2,cincinnati,2/08/2004,2736674.6,Hard,0,$,48,usa
Idea Prokom Open,2004,8,9,sopot,9/08/2004,590872.925,Clay,0,$,82,poland
Legg Mason Classic,2004,8,16,washington,16/08/2004,590872.925,Hard,0,$,50,usa
TD Waterhouse Cup,2004,8,23,long island,23/08/2004,441599.765,Hard,0,$,51,usa
US Open,2004,8,30,flushing meadows,30/08/2004,9573385.328,Hard,0,$,52,usa
China Open,2004,9,13,pékin,13/09/2004,590872.925,Hard,0,$,76,china
International Championships,2004,9,13,delray beach,13/09/2004,441599.765,Hard,0,$,15,usa
Open Romania,2004,9,13,bucarest,13/09/2004,441599.765,Clay,0,$,53,romania
Campionati Internazionali Di Sicilia,2004,9,27,palerme,27/09/2004,441599.765,Clay,0,$,55,italy
Thailand Open,2004,9,27,bangkok,27/09/2004,653070.075,Hard,1,$,88,thailand
Shanghai Open,2004,9,27,shanghai,27/09/2004,441599.765,Hard,0,$,59,china
Grand Prix de Lyon,2004,10,4,lyon,4/10/2004,954104.281,Carpet,1,$,64,france
Japan Open,2004,10,4,tokyo,4/10/2004,827222.095,Hard,0,$,57,japan
CA Tennis Trophy,2004,10,11,vienne,11/10/2004,818514.494,Hard,1,$,58,austria
Kremlin Cup,2004,10,11,moscou,11/10/2004,1212844.425,Carpet,1,$,62,russia
Open de Moselle,2004,10,11,metz,11/10/2004,441599.765,Hard,1,$,230,france
Madrid Masters,2004,10,18,madrid,18/10/2004,2736674.6,Hard,1,$,107,spain
St. Petersburg Open,2004,10,25,saint-pétersbourg,25/10/2004,1212844.425,Carpet,1,$,65,russia
Stockholm Open,2004,10,25,stockholm,25/10/2004,777464.375,Hard,1,$,68,sweden
Swiss Indoors,2004,10,26,bâle,25/10/2004,1212844.425,Carpet,1,$,61,switzerland
BNP Paribas,2004,11,1,paris,1/11/2004,2736674.6,Carpet,1,$,66,france
Masters Cup,2004,11,15,houston,15/11/2004,4602589.1,Hard,0,$,300,usa
Next Generation Hardcourts,2005,1,3,adélaïde,3/01/2005,490180.916,Hard,0,$,1,australia
Qatar Exxon Mobil Open,2005,1,3,doha,3/01/2005,1213011.15,Hard,0,$,3,qatar
TATA Open,2005,1,3,chennai,3/01/2005,441660.47,Hard,0,$,2,india
Heineken Open,2005,1,9,auckland,9/01/2005,498889.714,Hard,0,$,4,new-zealand
Medibank International,2005,1,10,sydney,10/01/2005,490180.916,Hard,0,$,5,australia
Australian Open,2005,1,17,melbourne,17/01/2005,8389613.089,Hard,0,$,6,australia
Bellsouth Open,2005,1,31,viña del mar,31/01/2005,441660.47,Clay,0,$,72,chile
International Championships,2005,1,31,delray beach,31/01/2005,441660.47,Hard,0,$,15,usa
Internazionali di Lombardia,2005,1,31,milan,31/01/2005,441660.47,Carpet,1,$,72,italy
ATP Buenos Aires 2005,2005,2,7,buenos aires,7/02/2005,441660.47,Clay,0,$,90,argentina
Open 13,2005,2,7,marseille,7/02/2005,715365.55,Hard,1,$,8,france
SAP Open,2005,2,7,san josé,7/02/2005,441660.47,Hard,1,$,9,costa rica
ABN AMRO World Tennis Tournament,2005,2,14,rotterdam,14/02/2005,1119702.6,Hard,1,$,11,dutchland
Brasil Open,2005,2,14,costa do sauípe,14/02/2005,441660.47,Clay,0,$,93,brasil
Regions Morgan Keegan Championships,2005,2,14,memphis,14/02/2005,827335.81,Hard,1,$,10,usa
Abierto Mexicano,2005,2,21,acapulco,21/02/2005,768862.452,Clay,0,$,87,mexico
Channel Open,2005,2,21,scottsdale,21/02/2005,441660.47,Hard,0,$,18,usa
Dubai Duty Free Men's Open,2005,2,21,dubaï,21/02/2005,1213011.15,Hard,0,$,7,united arab emirates
Pacific Life Open,2005,3,11,indian wells,7/03/2005,3389713.004,Hard,0,$,19,usa
NASDAQ-100 Open,2005,3,23,miami,21/03/2005,3981164.8,Hard,0,$,20,usa
Grand Prix Hassan II,2005,4,4,casablanca,4/04/2005,441660.47,Clay,0,$,22,tunisia
Open de Tenis Comunidad Valenciana,2005,4,4,valence,4/04/2005,466542.75,Clay,0,$,85,spain
Monte Carlo Masters,2005,4,11,monte-carlo,11/04/2005,2737050.8,Clay,0,$,24,monaco
Open Seat Godo,2005,4,18,barcelone,18/04/2005,1119702.6,Clay,0,$,25,spain
U.S. Men's Clay Court Championships,2005,4,18,houston,18/04/2005,441660.47,Clay,0,$,99,usa
Estoril Open,2005,4,25,estoril,25/04/2005,746468.4,Clay,0,$,23,portugal
BMW Open,2005,4,26,munich,25/04/2005,441660.47,Clay,0,$,27,germany
Telecom Italia Masters Roma,2005,5,2,rome,2/05/2005,2737050.8,Clay,0,$,29,italy
Hamburg TMS,2005,5,9,hambourg,9/05/2005,2737050.8,Clay,0,$,30,germany
Internationaler Raiffeisen Grand Prix,2005,5,15,sankt pölten,15/05/2005,441660.47,Clay,0,$,31,austria
French Open,2005,5,23,paris,23/05/2005,9943449.269,Clay,0,$,32,france
Gerry Weber Open,2005,6,6,halle (westf.),6/06/2005,964188.35,Grass,0,$,33,germany
Stella Artois,2005,6,6,londres,6/06/2005,964188.35,Grass,0,$,34,uk
Nottingham Open,2005,6,13,nottingham,13/06/2005,441660.47,Grass,0,$,35,uk
Ordina Open,2005,6,13,bois-le-duc,13/06/2005,441660.47,Grass,0,$,36,dutchland
Wimbledon,2005,6,20,wimbledon,20/06/2005,10720272.81,Grass,0,$,37,uk
Allianz Suisse Open,2005,7,4,gstaad,4/07/2005,584733.58,Clay,0,$,39,switzerland
Hall of Fame Championships,2005,7,4,newport,4/07/2005,441660.47,Grass,0,$,40,usa
Swedish Open,2005,7,4,båstad,4/07/2005,441660.47,Clay,0,$,38,sweden
Mercedes Cup,2005,7,18,stuttgart,18/07/2005,827335.81,Clay,0,$,42,germany
Priority Telecom Dutch Open,2005,7,18,amersfoort,18/07/2005,441660.47,Clay,0,$,41,dutchland
RCA Championships,2005,7,18,indianapolis,18/07/2005,715365.55,Hard,0,$,49,usa
Croatia Open,2005,7,25,umag,25/07/2005,466542.75,Clay,0,$,43,croatia
Generali Open,2005,7,25,kitzbühel,25/07/2005,914423.79,Clay,0,$,44,austria
Mercedes-Benz Cup,2005,7,25,los angeles,25/07/2005,441660.47,Hard,0,$,45,usa
Idea Prokom Open,2005,8,1,sopot,1/08/2005,590954.15,Clay,0,$,82,poland
Legg Mason Classic,2005,8,1,washington,1/08/2005,715365.55,Hard,0,$,50,usa
Rogers Cup,2005,8,8,montréal,8/08/2005,2737050.8,Hard,0,$,202,canada
Western & Southern Financial Group Masters,2005,8,15,cincinnati,15/08/2005,2737050.8,Hard,0,$,48,usa
Pilot Pen Tennis,2005,8,22,new haven,22/08/2005,808674.1,Hard,0,$,110,usa
US Open,2005,8,29,flushing meadows,29/08/2005,9890706.3,Hard,0,$,52,usa
China Open,2005,9,12,pékin,12/09/2005,590954.15,Hard,0,$,76,china
Open Romania,2005,9,12,bucarest,12/09/2005,441660.47,Clay,0,$,53,romania
Campionati Internazionali Di Sicilia,2005,9,26,palerme,26/09/2005,441660.47,Clay,0,$,55,italy
Thailand Open,2005,9,26,bangkok,26/09/2005,653159.85,Hard,1,$,88,thailand
Vietnam Open,2005,9,26,hô-chi-minh-ville,26/09/2005,441660.47,Carpet,1,$,180,vietnam
Japan Open,2005,10,3,tokyo,3/10/2005,827335.81,Hard,0,$,57,japan
Open de Moselle,2005,10,3,metz,3/10/2005,441660.47,Hard,1,$,230,france
BA-CA Tennis Trophy,2005,10,10,vienne,10/10/2005,826091.696,Hard,1,$,58,austria
Kremlin Cup,2005,10,10,moscou,10/10/2005,1213011.15,Carpet,1,$,62,russia
Stockholm Open,2005,10,10,stockholm,10/10/2005,964188.35,Hard,1,$,68,sweden
Madrid Masters,2005,10,17,madrid,17/10/2005,2737050.8,Hard,1,$,107,spain
Grand Prix de Lyon,2005,10,24,lyon,24/10/2005,964188.35,Carpet,1,$,64,france
St. Petersburg Open,2005,10,24,saint-pétersbourg,24/10/2005,1213011.15,Carpet,1,$,65,russia
Davidoff Swiss Indoors,2005,10,25,bâle,24/10/2005,1213011.15,Carpet,1,$,61,switzerland
BNP Paribas,2005,10,31,paris,31/10/2005,2737050.8,Carpet,1,$,66,france
Masters Cup,2005,11,13,shanghai,13/11/2005,4603221.8,Carpet,1,$,300,china
Chennai Open,2006,1,2,chennai,2/01/2006,445746.165,Hard,0,$,2,india
Next Generation Adelaide International,2006,1,2,adélaïde,2/01/2006,494715.462,Hard,0,$,1,australia
Qatar Exxon Mobil Open,2006,1,2,doha,2/01/2006,1224232.425,Hard,0,$,3,qatar
Heineken Open,2006,1,8,auckland,8/01/2006,508527.315,Hard,0,$,4,new-zealand
Sydney International,2006,1,9,sydney,9/01/2006,494715.462,Hard,0,$,5,australia
Australian Open,2006,1,16,melbourne,16/01/2006,8518885.994,Hard,0,$,6,australia
International Championships,2006,1,30,delray beach,30/01/2006,445746.165,Hard,0,$,15,usa
Movistar Open,2006,1,30,viña del mar,30/01/2006,445746.165,Clay,0,$,72,chile
PBZ Zagreb Indoors,2006,1,30,zagreb,30/01/2006,445746.165,Carpet,1,$,75,croatia
Copa Telmex,2006,2,13,buenos aires,13/02/2006,502249.2,Clay,0,$,90,argentina
Open 13,2006,2,13,marseille,13/02/2006,721983.225,Hard,1,$,8,france
SAP Open,2006,2,13,san josé,13/02/2006,445746.165,Hard,1,$,9,costa rica
ABN AMRO World Tennis Tournament,2006,2,20,rotterdam,20/02/2006,1130060.7,Hard,1,$,11,dutchland
Brasil Open,2006,2,20,costa do sauípe,20/02/2006,445746.165,Clay,0,$,93,brasil
Regions Morgan Keegan Championships,2006,2,20,memphis,20/02/2006,834989.295,Hard,1,$,10,usa
Abierto Mexicano,2006,2,27,acapulco,27/02/2006,834989.295,Clay,0,$,87,mexico
Channel Open,2006,2,27,las vegas,27/02/2006,445746.165,Hard,0,$,250,usa
Dubai Tennis Championships,2006,2,27,dubaï,27/02/2006,1224232.425,Hard,0,$,7,united arab emirates
Pacific Life Open,2006,3,10,indian wells,6/03/2006,3665916.911,Hard,0,$,19,usa
NASDAQ-100 Open,2006,3,22,miami,20/03/2006,4017993.6,Hard,0,$,20,usa
Open de Tenis Comunidad Valenciana,2006,4,10,valence,10/04/2006,470858.625,Clay,0,$,85,spain
U.S. Men's Clay Court Championships,2006,4,10,houston,10/04/2006,445746.165,Clay,0,$,99,usa
Monte Carlo Masters,2006,4,17,monte-carlo,17/04/2006,2762370.6,Clay,0,$,24,monaco
Grand Prix Hassan II,2006,4,24,casablanca,24/04/2006,445746.165,Clay,0,$,22,tunisia
Open Seat Godo,2006,4,24,barcelone,24/04/2006,1130060.7,Clay,0,$,25,spain
BMW Open,2006,5,1,munich,1/05/2006,445746.165,Clay,0,$,27,germany
Estoril Open,2006,5,1,estoril,1/05/2006,753373.8,Clay,0,$,23,portugal
Campionati Internazional d'Italia,2006,5,8,rome,8/05/2006,2762370.6,Clay,0,$,29,italy
Hamburg TMS,2006,5,15,hambourg,15/05/2006,2762370.6,Clay,0,$,30,germany
Hypo Group Tennis International,2006,5,22,pörtschach,22/05/2006,445746.165,Clay,0,$,31,austria
French Open,2006,5,28,paris,28/05/2006,10727654.92,Clay,0,$,32,france
Gerry Weber Open,2006,6,12,halle (westf.),12/06/2006,973107.825,Grass,0,$,33,germany
Stella Artois,2006,6,12,londres,12/06/2006,973107.825,Grass,0,$,34,uk
Ordina Open,2006,6,18,bois-le-duc,18/06/2006,445746.165,Grass,0,$,36,dutchland
Red Letter Days Open,2006,6,19,nottingham,19/06/2006,445746.165,Grass,0,$,35,uk
Wimbledon,2006,6,27,wimbledon,26/06/2006,11108921.08,Grass,0,$,37,uk
Allianz Suisse Open,2006,7,10,gstaad,10/07/2006,590142.81,Clay,0,$,39,switzerland
Hall of Fame Championships,2006,7,10,newport,10/07/2006,445746.165,Grass,0,$,40,usa
Synsam Swedish Open,2006,7,10,båstad,10/07/2006,445746.165,Clay,0,$,38,sweden
Dutch Open,2006,7,17,amersfoort,17/07/2006,445746.165,Clay,0,$,41,dutchland
Mercedes Cup,2006,7,17,stuttgart,17/07/2006,834989.295,Clay,0,$,42,germany
RCA Championships,2006,7,17,indianapolis,17/07/2006,721983.225,Hard,0,$,49,usa
Countrywide Classic,2006,7,24,los angeles,24/07/2006,596420.925,Hard,0,$,45,usa
Croatia Open,2006,7,24,umag,24/07/2006,470858.625,Clay,0,$,43,croatia
Generali Open,2006,7,24,kitzbühel,24/07/2006,922882.905,Clay,0,$,44,austria
Idea Prokom Open,2006,7,31,sopot,31/07/2006,596420.925,Clay,0,$,82,poland
Legg Mason Classic,2006,7,31,washington,31/07/2006,721983.225,Hard,0,$,50,usa
Rogers Masters,2006,8,7,toronto,7/08/2006,2762370.6,Hard,0,$,202,canada
Western & Southern Financial Group Masters,2006,8,14,cincinnati,14/08/2006,2762370.6,Hard,0,$,48,usa
Pilot Pen Tennis,2006,8,20,new haven,20/08/2006,816154.95,Hard,0,$,110,usa
US Open,2006,8,28,flushing meadows,28/08/2006,10461850.84,Hard,0,$,52,usa
China Open,2006,9,11,pékin,11/09/2006,596420.925,Hard,0,$,76,china
Open Romania,2006,9,11,bucarest,11/09/2006,445746.165,Clay,0,$,53,romania
Campionati Internazionali Di Sicilia,2006,9,25,palerme,25/09/2006,445746.165,Clay,0,$,55,italy
Kingfisher Airlines Tennis Open,2006,9,25,bombay,25/09/2006,445746.165,Hard,0,$,150,india
Thailand Open,2006,9,26,bangkok,25/09/2006,659202.075,Hard,1,$,88,thailand
Japan Open,2006,10,2,tokyo,2/10/2006,834989.295,Hard,0,$,57,japan
Open de Moselle,2006,10,2,metz,2/10/2006,445746.165,Hard,1,$,230,france
BA-CA Tennis Trophy,2006,10,9,vienne,9/10/2006,834989.295,Hard,1,$,58,austria
Kremlin Cup,2006,10,9,moscou,9/10/2006,1224232.425,Carpet,1,$,62,russia
Stockholm Open,2006,10,9,stockholm,9/10/2006,973107.825,Hard,1,$,68,sweden
Madrid Masters,2006,10,16,madrid,16/10/2006,2762370.6,Hard,1,$,107,spain
Grand Prix de Lyon,2006,10,23,lyon,23/10/2006,973107.825,Carpet,1,$,64,france
St. Petersburg Open,2006,10,23,saint-pétersbourg,23/10/2006,1224232.425,Carpet,1,$,65,russia
Davidoff Swiss Indoors,2006,10,24,bâle,23/10/2006,1224232.425,Carpet,1,$,61,switzerland
BNP Paribas,2006,10,30,paris,30/10/2006,2762370.6,Carpet,1,$,66,france
Masters Cup,2006,11,12,shanghai,12/11/2006,4645805.1,Hard,1,$,300,china
Chennai Open,2007,1,1,chennai,1/01/2007,535856.898,Hard,0,$,2,india
Next Generation Adelaide International,2007,1,1,adélaïde,1/01/2007,563266.458,Hard,0,$,1,australia
Qatar Exxon Mobil Open,2007,1,1,doha,1/01/2007,1336216.05,Hard,0,$,3,qatar
Heineken Open,2007,1,7,auckland,7/01/2007,535856.898,Hard,0,$,4,new-zealand
Sydney International,2007,1,8,sydney,8/01/2007,563266.458,Hard,0,$,5,australia
Australian Open,2007,1,15,melbourne,15/01/2007,10000446.49,Hard,0,$,6,australia
International Championships,2007,1,29,delray beach,28/01/2007,535856.898,Hard,0,$,15,usa
Movistar Open,2007,1,29,viña del mar,29/01/2007,579712.194,Clay,0,$,72,chile
PBZ Zagreb Indoors,2007,1,29,zagreb,29/01/2007,535856.898,Carpet,1,$,75,croatia
Brasil Open,2007,2,12,costa do sauípe,12/02/2007,590676.018,Clay,0,$,93,brasil
Open 13,2007,2,12,marseille,12/02/2007,788024.85,Hard,1,$,8,france
SAP Open,2007,2,12,san josé,12/02/2007,535856.898,Hard,1,$,9,costa rica
ABN AMRO World Tennis Tournament,2007,2,19,rotterdam,19/02/2007,1233430.2,Hard,1,$,11,dutchland
Copa Telmex,2007,2,19,buenos aires,19/02/2007,575600.76,Clay,0,$,90,argentina
Regions Morgan Keegan Championships,2007,2,19,memphis,19/02/2007,1003189.896,Hard,1,$,10,usa
Channel Open,2007,2,26,las vegas,26/02/2007,535856.898,Hard,0,$,250,usa
Dubai Tennis Championships,2007,2,26,dubaï,26/02/2007,1920382.298,Hard,0,$,7,united arab emirates
Abierto Mexicano,2007,2,27,acapulco,26/02/2007,1003189.896,Clay,0,$,87,mexico
Pacific Life Open,2007,3,9,indian wells,5/03/2007,4159400.73,Hard,0,$,19,usa
Sony Ericsson Open,2007,3,21,miami,19/03/2007,4385529.6,Hard,0,$,20,usa
Open de Tenis Comunidad Valenciana,2007,4,9,valence,9/04/2007,535856.898,Clay,0,$,85,spain
U.S. Men's Clay Court Championships,2007,4,9,houston,9/04/2007,535856.898,Clay,0,$,99,usa
Monte Carlo Masters,2007,4,15,monte-carlo,15/04/2007,3015051.6,Clay,0,$,24,monaco
Grand Prix Hassan II,2007,4,23,casablanca,23/04/2007,535856.898,Clay,0,$,22,tunisia
Open Seat Godo,2007,4,23,barcelone,23/04/2007,1233430.2,Clay,0,$,25,spain
Estoril Open,2007,4,29,estoril,29/04/2007,822286.8,Clay,0,$,23,portugal
BMW Open,2007,4,30,munich,30/04/2007,535856.898,Clay,0,$,27,germany
Internazionali BNL d'Italia,2007,5,7,rome,7/05/2007,3015051.6,Clay,0,$,29,italy
Hamburg TMS,2007,5,14,hambourg,14/05/2007,3015051.6,Clay,0,$,30,germany
Hypo Group Tennis International,2007,5,20,pörtschach,20/05/2007,535856.898,Clay,0,$,31,austria
French Open,2007,5,27,paris,27/05/2007,12793316.2,Clay,0,$,32,france
Gerry Weber Open,2007,6,11,halle (westf.),11/06/2007,1062120.45,Grass,0,$,33,germany
Stella Artois,2007,6,11,londres,11/06/2007,1062120.45,Grass,0,$,34,uk
Ordina Open,2007,6,17,bois-le-duc,17/06/2007,535856.898,Grass,0,$,36,dutchland
The Nottingham Open,2007,6,18,nottingham,18/06/2007,535856.898,Grass,0,$,35,uk
Wimbledon,2007,6,25,wimbledon,25/06/2007,13758489.03,Grass,0,$,37,uk
Allianz Suisse Open,2007,7,9,gstaad,9/07/2007,645495.138,Clay,0,$,39,switzerland
Catella Swedish Open,2007,7,9,båstad,9/07/2007,535856.898,Clay,0,$,38,sweden
Hall of Fame Championships,2007,7,9,newport,9/07/2007,535856.898,Grass,0,$,40,usa
Countrywide Classic,2007,7,16,los angeles,16/07/2007,685239,Hard,0,$,45,usa
Dutch Open,2007,7,16,amersfoort,16/07/2007,535856.898,Clay,0,$,41,dutchland
Mercedes Cup,2007,7,16,stuttgart,16/07/2007,1003189.896,Clay,0,$,42,germany
Austrian Open,2007,7,23,kitzbühel,23/07/2007,1003189.896,Clay,0,$,44,austria
Croatia Open,2007,7,23,umag,23/07/2007,535856.898,Clay,0,$,43,croatia
Indianapolis Tennis Championships,2007,7,23,indianapolis,23/07/2007,685239,Hard,0,$,49,usa
Legg Mason Classic,2007,7,29,sopot,29/07/2007,650977.05,Clay,0,$,82,poland
Idea Prokom Open,2007,7,30,washington,29/07/2007,788024.85,Hard,0,$,50,usa
Rogers Masters,2007,8,5,montréal,5/08/2007,3015051.6,Hard,0,$,202,canada
Western & Southern Financial Group Masters,2007,8,13,cincinnati,13/08/2007,3015051.6,Hard,0,$,48,usa
Pilot Pen Tennis,2007,8,19,new haven,19/08/2007,890810.7,Hard,0,$,110,usa
US Open,2007,8,27,flushing meadows,27/08/2007,12125989.34,Hard,0,$,52,usa
China Open,2007,9,10,pékin,10/09/2007,650977.05,Hard,0,$,76,china
Open Romania,2007,9,10,bucarest,10/09/2007,535856.898,Clay,0,$,53,romania
Kingfisher Airlines Tennis Open,2007,9,24,bombay,24/09/2007,535856.898,Hard,0,$,150,india
Thailand Open,2007,9,25,bangkok,24/09/2007,719500.95,Hard,1,$,88,thailand
AIG Japan Open Tennis Championships,2007,10,1,tokyo,1/10/2007,1003189.896,Hard,0,$,57,japan
Open de Moselle,2007,10,1,metz,1/10/2007,535856.898,Hard,1,$,230,france
BA-CA Tennis Trophy,2007,10,7,vienne,7/10/2007,1003189.896,Hard,1,$,58,austria
Stockholm Open,2007,10,7,stockholm,7/10/2007,1062120.45,Hard,1,$,68,sweden
Kremlin Cup,2007,10,8,moscou,8/10/2007,1336216.05,Hard,1,$,62,russia
Madrid Masters,2007,10,15,madrid,15/10/2007,3015051.6,Hard,1,$,107,spain
Grand Prix de Lyon,2007,10,22,lyon,22/10/2007,1062120.45,Carpet,1,$,64,france
St. Petersburg Open,2007,10,22,saint-pétersbourg,22/10/2007,1336216.05,Carpet,1,$,65,russia
Davidoff Swiss Indoors,2007,10,23,bâle,22/10/2007,1336216.05,Hard,1,$,61,switzerland
BNP Paribas,2007,10,28,paris,28/10/2007,3015051.6,Hard,1,$,66,france
Masters Cup,2007,11,11,shanghai,11/11/2007,5207816.4,Hard,1,$,300,china
Chennai Open,2008,1,1,chennai,31/12/2007,604480.305,Hard,0,$,2,india
Next Generation Adelaide International,2008,1,1,adélaïde,31/12/2007,647132.2,Hard,0,$,1,australia
Qatar Exxon Mobil Open,2008,1,1,doha,31/12/2007,1506053.12,Hard,0,$,3,qatar
Heineken Open,2008,1,7,auckland,7/01/2008,645661.445,Hard,0,$,4,new-zealand
Medibank International,2008,1,7,sydney,7/01/2008,647132.2,Hard,0,$,5,australia
Australian Open,2008,1,14,melbourne,14/01/2008,14132.4848,Hard,0,$,6,australia
Movistar Open,2008,1,28,viña del mar,28/01/2008,642719.935,Clay,0,$,72,chile
Brasil Open,2008,2,11,costa do sauípe,11/02/2008,676547.3,Clay,0,$,93,brasil
International Championships,2008,2,11,delray beach,11/02/2008,604480.305,Hard,0,$,15,usa
Open 13,2008,2,11,marseille,11/02/2008,513000,Hard,1,euro,8,france
ABN AMRO World Tennis Tournament,2008,2,18,rotterdam,18/02/2008,803000,Hard,1,euro,11,dutchland
Copa Telmex,2008,2,18,buenos aires,18/02/2008,648602.955,Clay,0,$,90,argentina
SAP Open,2008,2,18,san josé,18/02/2008,604480.305,Hard,1,$,9,costa rica
Abierto Mexicano,2008,2,25,acapulco,25/02/2008,1131010.595,Clay,0,$,87,mexico
PBZ Zagreb Indoors,2008,2,25,zagreb,25/02/2008,349000,Hard,1,euro,75,croatia
Regions Morgan Keegan Championships,2008,2,25,memphis,25/02/2008,1131010.595,Hard,1,$,10,usa
Channel Open,2008,3,3,las vegas,3/03/2008,604480.305,Hard,0,$,250,usa
Dubai Tennis Championships,2008,3,3,dubaï,3/03/2008,2060527.755,Hard,0,$,7,united arab emirates
Pacific Life Open,2008,3,13,indian wells,13/03/2008,4910850.945,Hard,0,$,19,usa
Sony Ericsson Open,2008,3,26,miami,26/03/2008,5177057.6,Hard,0,$,20,usa
Estoril Open,2008,4,14,estoril,14/04/2008,349000,Clay,0,euro,23,portugal
Open de Tenis Comunidad Valenciana,2008,4,14,valence,14/04/2008,349000,Clay,0,euro,85,spain
U.S. Men's Clay Court Championships,2008,4,14,houston,14/04/2008,604480.305,Clay,0,$,99,usa
Monte Carlo Masters,2008,4,20,monte-carlo,20/04/2008,2057000,Clay,0,euro,24,monaco
BMW Open,2008,4,28,munich,28/04/2008,349000,Clay,0,euro,27,germany
Open Sabadell Atlántico 2008,2008,4,28,barcelone,28/04/2008,803000,Clay,0,euro,25,spain
Internazionali BNL d'Italia,2008,5,5,rome,5/05/2008,2057000,Clay,0,euro,29,italy
Hamburg TMS,2008,5,11,hambourg,11/05/2008,2057000,Clay,0,euro,30,germany
Grand Prix Hassan II,2008,5,18,casablanca,18/05/2008,349000,Clay,0,euro,22,tunisia
Hypo Group Tennis International,2008,5,19,pörtschach,18/05/2008,349000,Clay,0,euro,31,austria
French Open,2008,5,25,paris,25/05/2008,7077680,Clay,0,euro,32,france
Gerry Weber Open,2008,6,9,halle (westf.),9/06/2008,692000,Grass,0,euro,33,germany
Orange Prokom Open,2008,6,9,varsovie,9/06/2008,404000,Clay,0,euro,82,poland
Stella Artois,2008,6,9,londres,9/06/2008,692000,Grass,0,euro,34,uk
Ordina Open,2008,6,15,bois-le-duc,15/06/2008,349000,Grass,0,euro,36,dutchland
Slazenger Open,2008,6,16,nottingham,16/06/2008,349000,Grass,0,euro,35,uk
Wimbledon,2008,6,23,wimbledon,23/06/2008,4186070.245,Grass,0,£,37,uk
Allianz Suisse Open,2008,7,7,gstaad,7/07/2008,368000,Clay,0,euro,39,switzerland
Catella Swedish Open,2008,7,7,båstad,7/07/2008,305000,Clay,0,euro,38,sweden
Hall of Fame Championships,2008,7,7,newport,7/07/2008,529471.8,Grass,0,$,40,usa
Mercedes Cup,2008,7,7,stuttgart,7/07/2008,547000,Clay,0,euro,42,germany
Dutch Open,2008,7,14,amersfoort,14/07/2008,305000,Clay,0,euro,41,dutchland
Indianapolis Tennis Championships,2008,7,14,indianapolis,14/07/2008,735377.5,Hard,0,$,49,usa
Studena Croatia Open,2008,7,14,umag,14/07/2008,305000,Clay,0,euro,43,croatia
Austrian Open,2008,7,15,kitzbühel,14/07/2008,550000,Clay,0,euro,44,austria
Rogers Masters,2008,7,21,toronto,21/07/2008,3478335.575,Hard,0,$,202,canada
Western & Southern Financial Group Masters,2008,7,28,cincinnati,28/07/2008,3478335.575,Hard,0,$,48,usa
Countrywide Classic,2008,8,4,los angeles,4/08/2008,661839.75,Hard,0,$,45,usa
Legg Mason Classic,2008,8,10,washington,10/08/2008,710374.665,Hard,0,$,50,usa
Pilot Pen Tennis,2008,8,17,new haven,17/08/2008,1004525.665,Hard,0,$,110,usa
US Open,2008,8,25,flushing meadows,25/08/2008,13751559.25,Hard,0,$,52,usa
Open Romania,2008,9,8,bucarest,8/09/2008,349000,Clay,0,euro,53,romania
China Open,2008,9,22,pékin,22/09/2008,733906.745,Hard,0,$,76,china
Thailand Open,2008,9,23,bangkok,22/09/2008,810386.005,Hard,1,$,88,thailand
AIG Japan Open Tennis Championships,2008,9,29,tokyo,29/09/2008,1131010.595,Hard,0,$,57,japan
Open de Moselle,2008,9,29,metz,29/09/2008,349000,Hard,1,euro,230,france
BA-CA Tennis Trophy,2008,10,6,vienne,6/10/2008,653000,Hard,1,euro,58,austria
Kremlin Cup,2008,10,6,moscou,6/10/2008,1506053.12,Hard,1,$,62,russia
Stockholm Open,2008,10,6,stockholm,6/10/2008,692000,Hard,1,euro,68,sweden
Madrid Masters,2008,10,12,madrid,12/10/2008,2057000,Hard,1,euro,107,spain
Davidoff Swiss Indoors,2008,10,20,bâle,20/10/2008,870000,Hard,1,euro,61,switzerland
Grand Prix de Lyon,2008,10,20,lyon,20/10/2008,692000,Carpet,1,euro,64,france
St. Petersburg Open,2008,10,20,saint-pétersbourg,20/10/2008,1506053.12,Hard,1,$,65,russia
BNP Paribas,2008,10,26,paris,26/10/2008,2057000,Hard,1,euro,66,france
Masters Cup,2008,11,9,shanghai,9/11/2008,5588869,Hard,1,$,300,china
Brisbane International,2009,1,4,brisbane,4/01/2009,603930.647,Hard,0,$,70,australia
Chennai Open,2009,1,5,chennai,5/01/2009,555462.7718,Hard,0,$,2,india
Qatar Exxon Mobil Open,2009,1,5,doha,5/01/2009,1428233.216,Hard,0,$,3,qatar
Heineken Open,2009,1,12,auckland,12/01/2009,598351.611,Hard,0,$,4,new-zealand
Medibank International,2009,1,12,sydney,12/01/2009,603930.647,Hard,0,$,5,australia
Australian Open,2009,1,19,melbourne,19/01/2009,18989545,Hard,0,AU$,6,australia
Movistar Open,2009,2,2,viña del mar,2/02/2009,620667.755,Clay,0,$,72,chile
PBZ Zagreb Indoors,2009,2,2,zagreb,2/02/2009,398250,Hard,1,euro,75,croatia
SA Tennis Open,2009,2,2,johannesburg,2/02/2009,617180.8575,Hard,0,$,101,south africa
ABN AMRO World Tennis Tournament,2009,2,9,rotterdam,9/02/2009,1150000,Hard,1,euro,11,dutchland
Brasil Open,2009,2,9,costa do sauípe,9/02/2009,704353.295,Clay,0,$,93,brasil
SAP Open,2009,2,9,san josé,9/02/2009,740617.029,Hard,1,$,9,costa rica
Copa Telmex,2009,2,16,buenos aires,16/02/2009,740617.029,Clay,0,$,90,argentina
Open 13,2009,2,16,marseille,16/02/2009,512750,Hard,1,euro,8,france
Regions Morgan Keegan Championships,2009,2,16,memphis,16/02/2009,1534234.9,Hard,1,$,10,usa
Abierto Mexicano,2009,2,23,acapulco,23/02/2009,1534234.9,Clay,0,$,87,mexico
Dubai Tennis Championships,2009,2,23,dubaï,23/02/2009,2258812.201,Hard,0,$,7,united arab emirates
International Championships,2009,2,23,delray beach,23/02/2009,617180.8575,Hard,0,$,15,usa
BNP Paribas Open,2009,3,12,indian wells,12/03/2009,5083896.555,Hard,0,$,19,usa
Sony Ericsson Open,2009,3,25,miami,25/03/2009,5083896.555,Hard,0,$,20,usa
Grand Prix Hassan II,2009,4,6,casablanca,6/04/2009,398250,Clay,0,euro,22,tunisia
U.S. Men's Clay Court Championships,2009,4,6,houston,6/04/2009,617180.8575,Clay,0,$,99,usa
Monte Carlo Masters,2009,4,12,monte-carlo,12/04/2009,2227500,Clay,0,euro,24,monaco
Open Banco Sabadell,2009,4,20,barcelone,20/04/2009,1550000,Clay,0,euro,25,spain
Internazionali BNL d'Italia,2009,4,27,rome,27/04/2009,2227500,Clay,0,euro,29,italy
BMW Open,2009,5,3,munich,3/05/2009,398250,Clay,0,euro,27,germany
Estoril Open,2009,5,3,estoril,3/05/2009,398250,Clay,0,euro,23,portugal
Serbia Open,2009,5,5,belgrade,4/05/2009,398250,Clay,0,euro,130,serbia
Mutua Madrileña Madrid Open,2009,5,10,madrid,10/05/2009,2835000,Clay,0,euro,107,spain
Austrian Open,2009,5,17,kitzbühel,17/05/2009,398250,Clay,0,euro,44,austria
French Open,2009,5,24,paris,24/05/2009,7322320,Clay,0,euro,32,france
AEGON Championships,2009,6,8,londres,8/06/2009,663750,Grass,0,euro,34,uk
Gerry Weber Open,2009,6,8,halle (westf.),8/06/2009,663750,Grass,0,euro,33,germany
AEGON International,2009,6,14,eastbourne,14/06/2009,398250,Grass,0,euro,95,uk
Ordina Open,2009,6,14,bois-le-duc,14/06/2009,398250,Grass,0,euro,36,dutchland
Wimbledon,2009,6,22,wimbledon,22/06/2009,5003918.806,Grass,0,£,37,uk
Hall of Fame Championships,2009,7,6,newport,6/07/2009,617180.8575,Grass,0,$,40,usa
Catella Swedish Open,2009,7,13,båstad,13/07/2009,398250,Clay,0,euro,38,sweden
Mercedes Cup,2009,7,13,stuttgart,13/07/2009,398250,Clay,0,euro,42,germany
Indianapolis Tennis Championships,2009,7,19,indianapolis,19/07/2009,627641.55,Hard,0,$,49,usa
International German Open,2009,7,20,hambourg,19/07/2009,1000000,Clay,0,euro,30,germany
Allianz Suisse Open,2009,7,26,gstaad,26/07/2009,398250,Clay,0,euro,39,switzerland
LA Tennis Open,2009,7,27,los angeles,27/07/2009,767117.45,Hard,0,$,45,usa
Studena Croatia Open,2009,7,28,umag,27/07/2009,398250,Clay,0,euro,43,croatia
Legg Mason Classic,2009,8,2,washington,2/08/2009,1625591.615,Hard,0,$,50,usa
Rogers Masters,2009,8,10,montréal,10/08/2009,3389264.37,Hard,0,$,202,canada
Western & Southern Financial Group Masters,2009,8,17,cincinnati,16/08/2009,3389264.37,Hard,0,$,48,usa
Pilot Pen Tennis,2009,8,23,new haven,23/08/2009,925771.2863,Hard,0,$,110,usa
US Open,2009,8,31,flushing meadows,31/08/2009,13607268.8,Hard,0,$,52,usa
Open de Moselle,2009,9,21,metz,21/09/2009,398250,Hard,1,euro,230,france
Open Romania,2009,9,21,bucarest,21/09/2009,398250,Clay,0,euro,53,romania
Proton Malaysian Open,2009,9,28,kuala lumpur,28/09/2009,1185545.15,Hard,1,$,102,malaysia
Thailand Open,2009,9,28,bangkok,28/09/2009,768512.209,Hard,1,$,88,thailand
China Open,2009,10,5,pékin,5/10/2009,2929691.28,Hard,0,$,76,china
Rakuten Japan Open Tennis Championships,2009,10,5,tokyo,5/10/2009,1534234.9,Hard,0,$,57,japan
Shanghai Masters,2009,10,11,shanghai,11/10/2009,4519019.16,Hard,0,$,59,china
Kremlin Cup,2009,10,19,moscou,19/10/2009,1394759,Hard,1,$,62,russia
Stockholm Open,2009,10,19,stockholm,19/10/2009,531000,Hard,1,euro,68,sweden
St. Petersburg Open,2009,10,25,saint-pétersbourg,25/10/2009,925771.2863,Hard,1,$,65,russia
BA-CA Tennis Trophy,2009,10,26,vienne,26/10/2009,500000,Hard,1,euro,58,austria
Grand Prix de Lyon,2009,10,26,lyon,26/10/2009,575250,Hard,1,euro,64,france
Davidoff Swiss Indoors,2009,11,2,bâle,2/11/2009,1225000,Hard,1,euro,61,switzerland
Valencia Open 500,2009,11,2,valence,2/11/2009,1357000,Hard,1,euro,85,spain
BNP Paribas Masters,2009,11,8,paris,8/11/2009,2227500,Hard,1,euro,66,france
Masters Cup,2009,11,22,londres,22/11/2009,6973795,Hard,1,$,300,uk
Brisbane International,2010,1,4,brisbane,4/01/2010,493821.3875,Hard,0,$,70,australia
Chennai Open,2010,1,4,chennai,4/01/2010,527958.0338,Hard,0,$,2,india
Qatar Exxon Mobil Open,2010,1,4,doha,4/01/2010,1357511.68,Hard,0,$,3,qatar
Heineken Open,2010,1,10,auckland,10/01/2010,471284.5725,Hard,0,$,4,new-zealand
Medibank International,2010,1,11,sydney,11/01/2010,493821.3875,Hard,0,$,5,australia
Australian Open,2010,1,18,melbourne,18/01/2010,15934083.44,Hard,0,AU$,6,australia
Movistar Open,2010,2,1,santiago,1/02/2010,527958.0338,Clay,0,$,72,chile
PBZ Zagreb Indoors,2010,2,1,zagreb,1/02/2010,398250,Hard,1,euro,75,croatia
SA Tennis Open,2010,2,1,johannesburg,1/02/2010,586620.0375,Hard,0,$,101,south africa
ABN AMRO World Tennis Tournament,2010,2,8,rotterdam,8/02/2010,1150000,Hard,1,euro,11,dutchland
Brasil Open,2010,2,8,costa do sauípe,8/02/2010,586620.0375,Clay,0,$,93,brasil
SAP Open,2010,2,8,san josé,8/02/2010,703944.045,Hard,1,$,9,costa rica
Copa Telmex,2010,2,15,buenos aires,15/02/2010,630102.8335,Clay,0,$,90,argentina
Open 13,2010,2,15,marseille,15/02/2010,512750,Hard,1,euro,8,france
Regions Morgan Keegan Championships,2010,2,15,memphis,15/02/2010,1458264.5,Hard,1,$,10,usa
Abierto Mexicano,2010,2,22,acapulco,22/02/2010,1266038.725,Clay,0,$,87,mexico
Dubai Tennis Championships,2010,2,22,dubaï,22/02/2010,2146963.053,Hard,0,$,7,united arab emirates
International Championships,2010,2,22,delray beach,22/02/2010,586620.0375,Hard,0,$,15,usa
BNP Paribas Open,2010,3,11,indian wells,8/03/2010,4832158.275,Hard,0,$,19,usa
Sony Ericsson Open,2010,3,24,miami,22/03/2010,4832158.275,Hard,0,$,20,usa
Grand Prix Hassan II,2010,4,5,casablanca,5/04/2010,398250,Clay,0,euro,22,tunisia
U.S. Men's Clay Court Championships,2010,4,5,houston,5/04/2010,586620.0375,Clay,0,$,99,usa
Monte Carlo Masters,2010,4,11,monte-carlo,11/04/2010,2227500,Clay,0,euro,24,monaco
Open Banco Sabadell,2010,4,19,barcelone,19/04/2010,1550000,Clay,0,euro,25,spain
Internazionali BNL d'Italia,2010,4,25,rome,25/04/2010,2227500,Clay,0,euro,29,italy
BMW Open,2010,5,3,munich,3/05/2010,398250,Clay,0,euro,27,germany
Estoril Open,2010,5,3,estoril,3/05/2010,398250,Clay,0,euro,23,portugal
Serbia Open,2010,5,3,belgrade,3/05/2010,373200,Clay,0,euro,130,serbia
Mutua Madrileña Madrid Open,2010,5,9,madrid,9/05/2010,2835000,Clay,0,euro,107,spain
Open de Nice Côte d Azur,2010,5,16,nice,16/05/2010,398250,Clay,0,euro,111,france
French Open,2010,5,23,paris,23/05/2010,7580800,Clay,0,euro,32,france
AEGON Championships,2010,6,7,londres,7/06/2010,627700,Grass,0,euro,34,uk
Gerry Weber Open,2010,6,7,halle (westf.),7/06/2010,663750,Grass,0,euro,33,germany
AEGON International,2010,6,13,bois-le-duc,13/06/2010,398250,Grass,0,euro,36,dutchland
Unicef Open,2010,6,13,eastbourne,13/06/2010,405000,Grass,0,euro,95,uk
Wimbledon,2010,6,21,wimbledon,21/06/2010,5315089.896,Grass,0,£,37,uk
Hall of Fame Championships,2010,7,5,newport,5/07/2010,586620.0375,Grass,0,$,40,usa
Mercedes Cup,2010,7,12,stuttgart,12/07/2010,398250,Clay,0,euro,42,germany
SkiStar Swedish Open,2010,7,12,båstad,12/07/2010,398250,Clay,0,euro,38,sweden
Atlanta Tennis Championships,2010,7,19,atlanta,19/07/2010,703944.045,Hard,0,$,21,usa
German Open Tennis Championships,2010,7,19,hambourg,19/07/2010,1000000,Clay,0,euro,30,germany
Allianz Suisse Open,2010,7,25,gstaad,25/07/2010,398250,Clay,0,euro,39,switzerland
Farmers Classic,2010,7,26,los angeles,26/07/2010,821268.0525,Hard,0,$,45,usa
Studena Croatia Open,2010,7,26,umag,26/07/2010,398250,Clay,0,euro,43,croatia
Legg Mason Classic,2010,8,1,washington,1/08/2010,1545097.523,Hard,0,$,50,usa
Rogers Masters,2010,8,9,toronto,9/08/2010,3221438.85,Hard,0,$,202,canada
Western & Southern Financial Group Masters,2010,8,15,cincinnati,15/08/2010,3221438.85,Hard,0,$,48,usa
Pilot Pen Tennis,2010,8,23,new haven,23/08/2010,879930.0563,Hard,0,$,110,usa
US Open,2010,8,30,flushing meadows,30/08/2010,13930403.06,Hard,0,$,52,usa
Open de Moselle,2010,9,20,metz,20/09/2010,398250,Hard,1,euro,230,france
Open Romania,2010,9,20,bucarest,20/09/2010,368450,Clay,0,euro,53,romania
Proton Malaysian Open,2010,9,27,kuala lumpur,27/09/2010,1126840.75,Hard,1,$,102,malaysia
Thailand Open,2010,9,27,bangkok,27/09/2010,730457.945,Hard,1,$,88,thailand
China Open,2010,10,4,pékin,4/10/2010,2783959.5,Hard,0,$,76,china
Rakuten Japan Open Tennis Championships,2010,10,4,tokyo,4/10/2010,1458264.5,Hard,0,$,57,japan
Shanghai Masters,2010,10,10,shanghai,10/10/2010,4295251.8,Hard,0,$,59,china
Kremlin Cup,2010,10,18,moscou,18/10/2010,1325695,Hard,1,$,62,russia
Stockholm Open,2010,10,18,stockholm,18/10/2010,531000,Hard,1,euro,68,sweden
BA-CA Tennis Trophy,2010,10,25,vienne,25/10/2010,575250,Hard,1,euro,58,austria
Open Sud de France,2010,10,25,montpellier,25/10/2010,575250,Hard,1,euro,201,france
St. Petersburg Open,2010,10,25,saint-pétersbourg,25/10/2010,879930.0563,Hard,1,$,65,russia
Valencia Open 500,2010,10,31,valence,31/10/2010,1357000,Hard,1,euro,85,spain
Swiss Indoors,2010,11,1,bâle,1/11/2010,1225000,Hard,1,euro,61,switzerland
BNP Paribas Masters,2010,11,9,paris,7/11/2010,2227500,Hard,1,euro,66,france
Masters Cup,2010,11,21,londres,21/11/2010,1910807.415,Hard,1,£,300,uk
Brisbane International,2011,1,2,brisbane,2/01/2011,587812.039,Hard,0,$,70,australia
Chennai Open,2011,1,3,chennai,3/01/2011,554336.1225,Hard,0,$,2,india
Qatar Exxon Mobil Open,2011,1,3,doha,3/01/2011,1425336.32,Hard,0,$,3,qatar
Heineken Open,2011,1,10,auckland,10/01/2011,554336.1225,Hard,0,$,4,new-zealand
Medibank International,2011,1,10,sydney,10/01/2011,587812.039,Hard,0,$,5,australia
Australian Open,2011,1,17,melbourne,17/01/2011,15392420.84,Hard,0,AU$,6,australia
Movistar Open,2011,1,31,santiago,31/01/2011,554336.1225,Clay,0,$,72,chile
PBZ Zagreb Indoors,2011,1,31,zagreb,31/01/2011,398250,Hard,1,euro,75,croatia
SA Tennis Open,2011,1,31,johannesburg,31/01/2011,615929.025,Hard,1,$,101,south africa
ABN AMRO World Tennis Tournament,2011,2,7,rotterdam,7/02/2011,1150000,Hard,1,euro,11,dutchland
Brasil Open,2011,2,7,costa do sauípe,7/02/2011,654485.486,Clay,0,$,93,brasil
SAP Open,2011,2,7,san josé,7/02/2011,739114.83,Hard,1,$,9,costa rica
Copa Claro,2011,2,14,buenos aires,14/02/2011,666595.277,Clay,0,$,90,argentina
Open 13,2011,2,14,marseille,14/02/2011,512750,Hard,1,euro,8,france
Regions Morgan Keegan Championships,2011,2,14,memphis,14/02/2011,1531123,Hard,1,$,10,usa
Abierto Mexicano,2011,2,21,acapulco,21/02/2011,1531123,Clay,0,$,87,mexico
Dubai Tennis Championships,2011,2,21,dubaï,21/02/2011,2254230.635,Hard,0,$,7,united arab emirates
International Championships,2011,2,21,delray beach,21/02/2011,615929.025,Hard,0,$,15,usa
BNP Paribas Open,2011,3,10,indian wells,10/03/2011,5073584.85,Hard,0,$,19,usa
Sony Ericsson Open,2011,3,23,miami,23/03/2011,5073584.85,Hard,0,$,20,usa
Grand Prix Hassan II,2011,4,4,casablanca,4/04/2011,398250,Clay,0,euro,22,tunisia
U.S. Men's Clay Court Championships,2011,4,4,houston,4/04/2011,615929.025,Clay,0,$,99,usa
Monte Carlo Masters,2011,4,10,monte-carlo,10/04/2011,2227500,Clay,0,euro,24,monaco
Open Banco Sabadell,2011,4,18,barcelone,18/04/2011,1550000,Clay,0,euro,25,spain
BMW Open,2011,4,24,munich,24/04/2011,398250,Clay,0,euro,27,germany
Estoril Open,2011,4,25,estoril,25/04/2011,398250,Clay,0,euro,23,portugal
Serbia Open,2011,4,25,belgrade,25/04/2011,364900,Clay,0,euro,130,serbia
Mutua Madrileña Madrid Open,2011,5,1,madrid,1/05/2011,2835000,Clay,0,euro,107,spain
Internazionali BNL d'Italia,2011,5,8,rome,8/05/2011,2227500,Clay,0,euro,29,italy
Open de Nice Côte d Azur,2011,5,15,nice,15/05/2011,398250,Clay,0,euro,111,france
French Open,2011,5,22,paris,22/05/2011,7884000,Clay,0,euro,32,france
AEGON Championships,2011,6,6,londres,6/06/2011,608000,Grass,0,euro,34,uk
Gerry Weber Open,2011,6,6,halle (westf.),6/06/2011,663750,Grass,0,euro,33,germany
Unicef Open,2011,6,12,eastbourne,12/06/2011,410925,Grass,0,euro,95,uk
AEGON International,2011,6,13,bois-le-duc,12/06/2011,398250,Grass,0,euro,36,dutchland
Wimbledon,2011,6,20,wimbledon,20/06/2011,11911831.43,Grass,0,£,37,uk
Hall of Fame Championships,2011,7,4,newport,4/07/2011,615929.025,Grass,0,$,40,usa
Mercedes Cup,2011,7,11,stuttgart,11/07/2011,398250,Clay,0,euro,42,germany
SkiStar Swedish Open,2011,7,11,båstad,11/07/2011,398250,Clay,0,euro,38,sweden
Atlanta Tennis Championships,2011,7,18,atlanta,18/07/2011,739114.83,Hard,0,$,21,usa
German Open Tennis Championships,2011,7,18,hambourg,18/07/2011,1000000,Clay,0,euro,30,germany
Allianz Suisse Open,2011,7,25,gstaad,25/07/2011,398250,Clay,0,euro,39,switzerland
Farmers Classic,2011,7,25,los angeles,25/07/2011,862300.635,Hard,0,$,45,usa
Studena Croatia Open,2011,7,25,umag,25/07/2011,398250,Clay,0,euro,43,croatia
Bet-At-Home Cup,2011,7,31,kitzbühel,31/07/2011,398250,Clay,0,euro,44,austria
Legg Mason Classic,2011,7,31,washington,31/07/2011,1623547.152,Hard,0,$,50,usa
Rogers Masters,2011,8,8,montréal,8/08/2011,3382389.9,Hard,0,$,202,canada
Western & Southern Financial Group Masters,2011,8,14,cincinnati,14/08/2011,3607882.56,Hard,0,$,48,usa
Winston-Salem Open at Wake Forest University,2011,8,21,winston-salem,21/08/2011,769911.2812,Hard,0,$,120,usa
US Open,2011,8,29,flushing meadows,29/08/2011,14626400.44,Hard,0,$,52,usa
Open de Moselle,2011,9,19,metz,19/09/2011,398250,Hard,1,euro,230,france
Open Romania,2011,9,19,bucarest,19/09/2011,371200,Clay,0,euro,53,romania
Malaysian Open,2011,9,26,kuala lumpur,26/09/2011,1183140.5,Hard,1,$,102,malaysia
Thailand Open,2011,9,26,bangkok,26/09/2011,817062.91,Hard,1,$,88,thailand
China Open,2011,10,3,pékin,3/10/2011,2923053,Hard,0,$,76,china
Rakuten Japan Open Tennis Championships,2011,10,3,tokyo,3/10/2011,1690498.985,Hard,0,$,57,japan
Shanghai Masters,2011,10,9,shanghai,9/10/2011,4509853.2,Hard,0,$,59,china
Kremlin Cup,2011,10,17,moscou,17/10/2011,1009149.25,Hard,1,$,62,russia
Stockholm Open,2011,10,17,stockholm,17/10/2011,531000,Hard,1,euro,68,sweden
Erste Bank Open,2011,10,24,vienne,24/10/2011,575250,Hard,1,euro,58,austria
St. Petersburg Open,2011,10,24,saint-pétersbourg,24/10/2011,923893.5375,Hard,1,$,65,russia
Valencia Open 500,2011,10,30,valence,30/10/2011,1357000,Hard,1,euro,85,spain
Swiss Indoors,2011,10,31,bâle,31/10/2011,1308100,Hard,1,euro,61,switzerland
BNP Paribas Masters,2011,11,8,paris,6/11/2011,2227500,Hard,1,euro,66,france
Masters Cup,2011,11,20,londres,20/11/2011,4400217.51,Hard,1,£,300,uk
Brisbane International,2012,1,1,brisbane,1/01/2012,624407.454,Hard,0,$,70,australia
Chennai Open,2012,1,2,chennai,2/01/2012,578155.05,Hard,0,$,2,india
Qatar Exxon Mobil Open,2012,1,2,doha,2/01/2012,1426436.987,Hard,0,$,3,qatar
Apia International,2012,1,9,sydney,9/01/2012,624407.454,Hard,0,$,5,australia
Heineken Open,2012,1,9,auckland,9/01/2012,578155.05,Hard,0,$,4,new-zealand
Australian Open,2012,1,16,melbourne,16/01/2012,14648516.46,Hard,0,AU$,6,australia
Open Sud de France,2012,1,30,montpellier,30/01/2012,450000,Hard,1,euro,201,france
PBZ Zagreb Indoors,2012,1,30,zagreb,30/01/2012,450000,Hard,1,euro,75,croatia
VTR Open,2012,1,30,viña del mar,30/01/2012,578155.05,Clay,0,$,72,chile
ABN AMRO World Tennis Tournament,2012,2,13,rotterdam,13/02/2012,1502500,Hard,1,euro,11,dutchland
Brasil Open,2012,2,13,são paulo,13/02/2012,684535.5792,Clay,1,$,93,brasil
SAP Open,2012,2,13,san josé,13/02/2012,770873.4,Hard,1,$,9,costa rica
Copa Claro,2012,2,20,buenos aires,20/02/2012,710616.7959,Clay,0,$,90,argentina
Open 13,2012,2,20,marseille,20/02/2012,770873.4,Hard,1,$,8,france
Regions Morgan Keegan Championships,2012,2,20,memphis,20/02/2012,1646457.104,Hard,1,$,10,usa
Abierto Mexicano,2012,2,27,acapulco,27/02/2012,1646457.104,Clay,0,$,87,mexico
Dubai Tennis Championships,2012,2,27,dubaï,27/02/2012,2972969.626,Hard,0,$,7,united arab emirates
International Championships,2012,2,27,delray beach,27/02/2012,642394.5,Hard,0,$,15,usa
BNP Paribas Open,2012,3,8,indian wells,8/03/2012,7130539.122,Hard,0,$,19,usa
Sony Ericsson Open,2012,3,21,miami,21/03/2012,6203025.531,Hard,0,$,20,usa
Grand Prix Hassan II,2012,4,9,casablanca,9/04/2012,450000,Clay,0,euro,22,tunisia
U.S. Men's Clay Court Championships,2012,4,9,houston,9/04/2012,642394.5,Clay,0,$,99,usa
Monte Carlo Masters,2012,4,15,monte-carlo,15/04/2012,2227500,Clay,0,euro,24,monaco
BRD Nastase Tiriac Trophy,2012,4,23,bucarest,23/04/2012,450000,Clay,0,euro,53,romania
Open Banco Sabadell,2012,4,23,barcelone,23/04/2012,2072500,Clay,0,euro,25,spain
BMW Open,2012,4,30,munich,30/04/2012,450000,Clay,0,euro,27,germany
Estoril Open,2012,4,30,estoril,30/04/2012,450000,Clay,0,euro,23,portugal
Serbia Open,2012,4,30,belgrade,30/04/2012,418700,Clay,0,euro,130,serbia
Mutua Madrid Open,2012,5,6,madrid,6/05/2012,3973695,Clay,0,euro,107,spain
Internazionali BNL d'Italia,2012,5,13,rome,13/05/2012,2950475,Clay,0,euro,29,italy
Open de Nice Côte d Azur,2012,5,22,nice,20/05/2012,450000,Clay,0,euro,111,france
French Open,2012,5,27,paris,27/05/2012,8487000,Clay,0,euro,32,france
Gerry Weber Open,2012,6,11,halle (westf.),11/06/2012,750000,Grass,0,euro,33,germany
AEGON Championships,2012,6,12,londres,11/06/2012,711550,Grass,0,euro,34,uk
Unicef Open,2012,6,17,eastbourne,17/06/2012,455700,Grass,0,euro,95,uk
AEGON International,2012,6,18,bois-le-duc,17/06/2012,450000,Grass,0,euro,36,dutchland
Wimbledon,2012,6,25,wimbledon,25/06/2012,5907357.409,Grass,0,£,37,uk
ATP Vegeta Croatia Open,2012,7,9,umag,9/07/2012,410175,Clay,0,euro,43,croatia
Hall of Fame Championships,2012,7,9,newport,9/07/2012,585542.5868,Grass,0,$,40,usa
Mercedes Cup,2012,7,9,stuttgart,9/07/2012,410175,Clay,0,euro,42,germany
SkiStar Swedish Open,2012,7,9,båstad,9/07/2012,410175,Clay,0,euro,38,sweden
BB&T Atlanta Open,2012,7,16,atlanta,16/07/2012,702651.1041,Hard,0,$,21,usa
Crédit Agricole Suisse Open Gstaad,2012,7,16,gstaad,16/07/2012,410175,Clay,0,euro,39,switzerland
German Open Tennis Championships,2012,7,16,hambourg,16/07/2012,1015000,Clay,0,euro,30,germany
Bet-At-Home Cup,2012,7,22,kitzbühel,22/07/2012,410175,Clay,0,euro,44,austria
Farmers Classic,2012,7,23,los angeles,23/07/2012,819759.6215,Hard,0,$,45,usa
Citi Open,2012,7,30,washington,30/07/2012,1652572.699,Hard,0,$,50,usa
Rogers Masters,2012,8,6,toronto,6/08/2012,4135350.354,Hard,0,$,202,canada
Western & Southern Financial Group Masters,2012,8,12,cincinnati,12/08/2012,4411040.378,Hard,0,$,48,usa
Winston-Salem Open at Wake Forest University,2012,8,19,winston-salem,19/08/2012,802993.125,Hard,0,$,120,usa
US Open,2012,8,27,flushing meadows,27/08/2012,15130960.05,Hard,0,$,52,usa
Open de Moselle,2012,9,17,metz,17/09/2012,450000,Hard,1,euro,230,france
St. Petersburg Open,2012,9,17,saint-pétersbourg,17/09/2012,601730.9281,Hard,1,$,65,russia
Malaysian Open,2012,9,24,kuala lumpur,24/09/2012,1217658.775,Hard,1,$,102,malaysia
Thailand Open,2012,9,24,bangkok,24/09/2012,781794.1065,Hard,1,$,88,thailand
China Open,2012,10,1,pékin,1/10/2012,4421601.343,Hard,0,$,76,china
Rakuten Japan Open Tennis Championships,2012,10,1,tokyo,1/10/2012,1807781.634,Hard,0,$,57,japan
Shanghai Masters,2012,10,7,shanghai,7/10/2012,7569462.872,Hard,0,$,59,china
Erste Bank Open,2012,10,15,vienne,15/10/2012,550000,Hard,1,euro,58,austria
Kremlin Cup,2012,10,15,moscou,15/10/2012,953506.1564,Hard,1,$,62,russia
Stockholm Open,2012,10,15,stockholm,15/10/2012,550000,Hard,1,euro,68,sweden
Valencia Open 500,2012,10,21,valence,21/10/2012,2086850,Hard,1,euro,85,spain
Swiss Indoors,2012,10,22,bâle,22/10/2012,1934300,Hard,1,euro,61,switzerland
BNP Paribas Masters,2012,10,29,paris,29/10/2012,2950475,Hard,1,euro,66,france
Masters Cup,2012,11,5,londres,5/11/2012,4459790.5,Hard,1,£,300,uk
Brisbane International,2013,1,1,brisbane,31/12/2012,579896.1623,Hard,0,$,70,australia
Chennai Open,2013,1,1,chennai,31/12/2012,511524.6477,Hard,0,$,2,india
Qatar Exxon Mobil Open,2013,1,1,doha,31/12/2012,1400792.617,Hard,0,$,3,qatar
Apia International,2013,1,7,sydney,7/01/2013,579896.1623,Hard,0,$,5,australia
Heineken Open,2013,1,7,auckland,7/01/2013,575606.3412,Hard,0,$,4,new-zealand
Australian Open,2013,1,14,melbourne,14/01/2013,22043120,Hard,0,AU$,6,australia
VTR Open,2013,2,4,viña del mar,4/02/2013,544794.0036,Clay,0,$,72,chile
Open Sud de France,2013,2,5,montpellier,4/02/2013,410200,Hard,1,euro,201,france
PBZ Zagreb Indoors,2013,2,5,zagreb,4/02/2013,410200,Hard,1,euro,75,croatia
ABN AMRO World Tennis Tournament,2013,2,11,rotterdam,11/02/2013,1267875,Hard,1,euro,11,dutchland
Brasil Open,2013,2,11,são paulo,11/02/2013,605322.9815,Clay,1,$,93,brasil
SAP Open,2013,2,12,san josé,11/02/2013,726387.5777,Hard,1,$,9,costa rica
Copa Claro,2013,2,18,buenos aires,18/02/2013,655652.0131,Clay,0,$,90,argentina
Open 13,2013,2,18,marseille,18/02/2013,528135,Hard,1,euro,8,france
U.S. National Indoor Tennis Championships,2013,2,18,memphis,18/02/2013,1610675.105,Hard,1,$,10,usa
Abierto Mexicano,2013,2,25,acapulco,25/02/2013,1610675.105,Clay,0,$,87,mexico
Dubai Tennis Championships,2013,2,25,dubaï,25/02/2013,2371354.689,Hard,0,$,7,united arab emirates
International Championships,2013,2,25,delray beach,25/02/2013,605322.9815,Hard,0,$,15,usa
BNP Paribas Open,2013,3,7,indian wells,7/03/2013,6895512.953,Hard,0,$,19,usa
Sony Ericsson Open,2013,3,20,miami,20/03/2013,5751581.014,Hard,0,$,20,usa
Grand Prix Hassan II,2013,4,8,casablanca,8/04/2013,410200,Clay,0,euro,22,tunisia
U.S. Men's Clay Court Championships,2013,4,8,houston,8/04/2013,605322.9815,Clay,0,$,99,usa
Monte Carlo Masters,2013,4,14,monte-carlo,14/04/2013,2646495,Clay,0,euro,24,monaco
BRD Nastase Tiriac Trophy,2013,4,22,bucarest,22/04/2013,410200,Clay,0,euro,53,romania
Open Banco Sabadell,2013,4,22,barcelone,22/04/2013,1708875,Clay,0,euro,25,spain
BMW Open,2013,4,29,munich,29/04/2013,410200,Clay,0,euro,27,germany
Portugal Open,2013,4,29,oeiras,29/04/2013,410200,Clay,0,euro,23,portugal
Mutua Madrid Open,2013,5,5,madrid,5/05/2013,3368265,Clay,0,euro,107,spain
Internazionali BNL d'Italia,2013,5,12,rome,12/05/2013,2646795,Clay,0,euro,29,italy
Open de Nice Côte d Azur,2013,5,19,nice,19/05/2013,410200,Clay,0,euro,111,france
Power Horse Cup,2013,5,19,düsseldorf,19/05/2013,410200,Clay,0,euro,160,germany
French Open,2013,5,26,paris,26/05/2013,11315000,Clay,0,euro,32,france
AEGON Championships,2013,6,10,londres,10/06/2013,683665,Grass,0,euro,34,uk
Gerry Weber Open,2013,6,10,halle (westf.),10/06/2013,683665,Grass,0,euro,33,germany
Topshelf Open,2013,6,16,eastbourne,16/06/2013,468460,Grass,0,euro,95,uk
AEGON International,2013,6,17,bois-le-duc,16/06/2013,410200,Grass,0,euro,36,dutchland
Wimbledon,2013,6,24,wimbledon,24/06/2013,8929067.07,Grass,0,£,37,uk
Hall of Fame Championships,2013,7,8,newport,8/07/2013,605322.9815,Grass,0,$,40,usa
Mercedes Cup,2013,7,8,stuttgart,8/07/2013,410200,Clay,0,euro,42,germany
SkiStar Swedish Open,2013,7,8,båstad,8/07/2013,433770,Clay,0,euro,38,sweden
Claro Open Colombia,2013,7,15,bogota,15/07/2013,847452.174,Hard,0,$,140,colombia
German Open Tennis Championships,2013,7,15,hambourg,15/07/2013,1102500,Clay,0,euro,30,germany
ATP Vegeta Croatia Open,2013,7,22,umag,22/07/2013,410200,Clay,0,euro,43,croatia
BB&T Atlanta Open,2013,7,22,atlanta,22/07/2013,726387.5777,Hard,0,$,21,usa
Crédit Agricole Suisse Open Gstaad,2013,7,22,gstaad,22/07/2013,410200,Clay,0,euro,39,switzerland
Bet-At-Home Cup,2013,7,29,kitzbühel,29/07/2013,410200,Clay,0,euro,44,austria
Citi Open,2013,7,29,washington,29/07/2013,1720962.023,Hard,0,$,50,usa
Rogers Masters,2013,8,5,montréal,5/08/2013,3834389.556,Hard,0,$,202,canada
Western & Southern Financial Group Masters,2013,8,11,cincinnati,11/08/2013,4090012.427,Hard,0,$,48,usa
Winston-Salem Open at Wake Forest University,2013,8,18,winston-salem,18/08/2013,763999.8795,Hard,0,$,120,usa
US Open,2013,8,26,flushing meadows,26/08/2013,0,Hard,0,$,52,usa
Open de Moselle,2013,9,16,metz,16/09/2013,410200,Hard,1,euro,230,france
St. Petersburg Open,2013,9,16,saint-pétersbourg,16/09/2013,605322.9815,Hard,1,$,65,russia
Malaysian Open,2013,9,23,kuala lumpur,23/09/2013,1162767.309,Hard,1,$,102,malaysia
Thailand Open,2013,9,23,bangkok,23/09/2013,753746.8085,Hard,1,$,88,thailand
Shanghai Masters,2013,10,6,shanghai,6/10/2013,5112517.195,Hard,0,$,59,china
Erste Bank Open,2013,10,14,vienne,14/10/2013,501355,Hard,1,euro,58,austria
Kremlin Cup,2013,10,14,moscou,14/10/2013,991772.1165,Hard,1,$,62,russia
Stockholm Open,2013,10,14,stockholm,14/10/2013,530165,Hard,1,euro,68,sweden
Swiss Indoors,2013,10,21,bâle,21/10/2013,1445835,Hard,1,euro,61,switzerland
Valencia Open 500,2013,10,21,valence,21/10/2013,1496095,Hard,1,euro,85,spain
BNP Paribas Masters,2013,10,28,paris,28/10/2013,2646495,Hard,1,euro,66,france
Masters Cup,2013,11,4,londres,4/11/2013,7968708,Hard,1,$,300,uk
Brisbane International,2014,1,1,brisbane,30/12/2013,601372.5477,Hard,0,$,70,australia
Chennai Open,2014,1,1,chennai,30/12/2013,531380.4725,Hard,0,$,2,india
Qatar Exxon Mobil Open,2014,1,1,doha,30/12/2013,1457246.032,Hard,0,$,3,qatar
Apia International,2014,1,6,sydney,6/01/2014,601372.5477,Hard,0,$,5,australia
Heineken Open,2014,1,6,auckland,6/01/2014,604720.3702,Hard,0,$,4,new-zealand
Australian Open,2014,1,13,melbourne,13/01/2014,23549984,Hard,0,AU$,6,australia
Open Sud de France,2014,2,3,montpellier,3/02/2014,426605,Hard,1,euro,201,france
PBZ Zagreb Indoors,2014,2,3,zagreb,3/02/2014,426605,Hard,1,euro,75,croatia
Royal Guard Open Chile ,2014,2,3,viña del mar,3/02/2014,566745.1691,Clay,0,$,72,chile
ABN AMRO World Tennis Tournament,2014,2,10,rotterdam,10/02/2014,1369305,Hard,1,euro,11,dutchland
Copa Claro,2014,2,10,buenos aires,10/02/2014,649490.8539,Clay,0,$,90,argentina
U.S. National Indoor Tennis Championships,2014,2,10,memphis,10/02/2014,755658.0113,Hard,1,$,10,usa
Delray Beach Open,2014,2,17,delray beach,17/02/2014,629716.1165,Hard,0,$,15,usa
Open 13,2014,2,17,marseille,17/02/2014,549260,Hard,1,euro,8,france
Rio Open,2014,2,17,rio de janeiro,17/02/2014,1740030.755,Clay,0,$,79,brasil
Abierto Mexicano,2014,2,24,acapulco,24/02/2014,1740030.755,Hard,0,$,87,mexico
Brasil Open,2014,2,24,são paulo,24/02/2014,629716.1165,Clay,1,$,93,brasil
Dubai Tennis Championships,2014,2,24,dubaï,24/02/2014,2561801.618,Hard,0,$,7,united arab emirates
BNP Paribas Open,2014,3,6,indian wells,6/03/2014,6961365.168,Hard,0,$,19,usa
Sony Ericsson Open,2014,3,19,miami,19/03/2014,6271029.55,Hard,0,$,20,usa
Grand Prix Hassan II,2014,4,7,casablanca,7/04/2014,426605,Clay,0,euro,22,tunisia
U.S. Men's Clay Court Championships,2014,4,7,houston,7/04/2014,629716.1165,Clay,0,$,99,usa
Monte Carlo Masters,2014,4,13,monte-carlo,13/04/2014,2884675,Clay,0,euro,24,monaco
BRD Nastase Tiriac Trophy,2014,4,21,bucarest,21/04/2014,426605,Clay,0,euro,53,romania
Open Banco Sabadell ,2014,4,21,barcelone,21/04/2014,1845585,Clay,0,euro,25,spain
BMW Open,2014,4,28,munich,28/04/2014,426605,Clay,0,euro,27,germany
Portugal Open,2014,4,28,oeiras,28/04/2014,426605,Clay,0,euro,23,portugal
Mutua Madrid Open,2014,5,4,madrid,4/05/2014,3671405,Clay,0,euro,107,spain
Internazionali BNL d'Italia,2014,5,11,rome,11/05/2014,2884675,Clay,0,euro,29,italy
Dusseldorf Open,2014,5,18,düsseldorf,18/05/2014,426605,Clay,0,euro,160,germany
Open de Nice Côte d Azur,2014,5,18,nice,18/05/2014,426605,Clay,0,euro,111,france
French Open,2014,5,25,paris,25/05/2014,11552000,Clay,0,euro,32,france
AEGON Championships,2014,6,9,londres,9/06/2014,711010,Grass,0,euro,34,uk
Gerry Weber Open,2014,6,9,halle (westf.),9/06/2014,711010,Grass,0,euro,33,germany
Topshelf Open,2014,6,15,eastbourne,15/06/2014,503185,Grass,0,euro,95,uk
AEGON International,2014,6,16,bois-le-duc,16/06/2014,426605,Grass,0,euro,36,dutchland
Wimbledon,2014,6,23,wimbledon,23/06/2014,9443695.8,Grass,0,£,37,uk
Hall of Fame Championships,2014,7,7,newport,7/07/2014,629716.1165,Grass,0,$,40,usa
Mercedes Cup,2014,7,7,stuttgart,7/07/2014,426605,Clay,0,euro,42,germany
SkiStar Swedish Open,2014,7,7,båstad,7/07/2014,426605,Clay,0,euro,38,sweden
bet-at-home Open,2014,7,14,hambourg,14/07/2014,1190700,Clay,0,euro,30,germany
Claro Open Colombia,2014,7,14,bogota,14/07/2014,881606.5486,Hard,0,$,140,colombia
ATP Vegeta Croatia Open,2014,7,21,umag,21/07/2014,426605,Clay,0,euro,43,croatia
BB&T Atlanta Open,2014,7,21,atlanta,21/07/2014,755658.0113,Hard,0,$,21,usa
Crédit Agricole Suisse Open Gstaad,2014,7,21,gstaad,21/07/2014,426605,Clay,0,euro,39,switzerland
Bet-At-Home Cup,2014,7,28,kitzbühel,28/07/2014,426605,Clay,0,euro,44,austria
Citi Open,2014,7,28,washington,28/07/2014,1859502.85,Hard,0,$,50,usa
Rogers Masters,2014,8,4,toronto,4/08/2014,4180686.367,Hard,0,$,202,canada
Western & Southern Financial Group Masters,2014,8,10,cincinnati,10/08/2014,4459399.234,Hard,0,$,48,usa
Winston-Salem Open at Wake Forest University,2014,8,17,winston-salem,17/08/2014,794789.0083,Hard,0,$,120,usa
US Open,2014,8,25,flushing meadows,25/08/2014,23716240.43,Hard,0,$,52,usa
Open de Moselle,2014,9,15,metz,15/09/2014,426605,Hard,1,euro,230,france
Malaysian Open,2014,9,22,kuala lumpur,22/09/2014,1209626.731,Hard,1,$,102,malaysia
Shenzhen Open,2014,9,22,shenzhen,22/09/2014,784121.1452,Hard,0,$,80,china
China Open,2014,9,29,pékin,29/09/2014,3321876.895,Hard,0,$,76,china
Rakuten Japan Open Tennis Championships,2014,9,29,tokyo,29/09/2014,1632495.241,Hard,0,$,57,japan
Shanghai Masters,2014,10,5,shanghai,5/10/2014,5574250.703,Hard,0,$,59,china
Erste Bank Open,2014,10,13,vienne,13/10/2014,521405,Hard,1,euro,58,austria
Kremlin Cup,2014,10,13,moscou,13/10/2014,1031740.447,Hard,1,$,62,russia
Stockholm Open,2014,10,13,stockholm,13/10/2014,521405,Hard,1,euro,68,sweden
Swiss Indoors,2014,10,20,bâle,20/10/2014,1458610,Hard,1,euro,61,switzerland
Valencia Open 500,2014,10,20,valence,20/10/2014,1615780,Hard,1,euro,85,spain
BNP Paribas Masters,2014,10,27,paris,27/10/2014,2884675,Hard,1,euro,66,france
Masters Cup,2014,11,9,londres,9/11/2014,8635256.5,Hard,1,$,300,uk
Brisbane International,2015,1,5,brisbane,4/01/2015,487525.5598,Hard,0,$,70,australia
Chennai Open,2015,1,5,chennai,5/01/2015,447682.9479,Hard,0,$,2,india
Qatar Exxon Mobil Open,2015,1,5,doha,5/01/2015,1253544.43,Hard,0,$,3,qatar
Apia International,2015,1,12,sydney,11/01/2015,487525.5598,Hard,0,$,5,australia
Heineken Open,2015,1,12,auckland,12/01/2015,515357.6934,Hard,0,$,4,new-zealand
Australian Open,2015,1,19,melbourne,19/01/2015,22410206.73,Hard,0,AU$,6,australia
Ecuador Open,2015,2,2,quito,2/02/2015,487525.5598,Clay,0,$,78,ecuador
Open Sud de France,2015,2,2,montpellier,2/02/2015,439405,Hard,1,euro,201,france
PBZ Zagreb Indoors,2015,2,2,zagreb,2/02/2015,439405,Hard,1,euro,75,croatia
ABN AMRO World Tennis Tournament,2015,2,9,rotterdam,9/02/2015,1478850,Hard,1,euro,11,dutchland
Brasil Open,2015,2,9,são paulo,9/02/2015,493344.9555,Clay,1,$,93,brasil
Memphis Open,2015,2,9,memphis,9/02/2015,650030.3813,Hard,1,$,10,usa
Delray Beach Open,2015,2,16,delray beach,16/02/2015,541691.9844,Hard,0,$,15,usa
Open 13,2015,2,16,marseille,16/02/2015,565735,Hard,1,euro,8,france
Rio Open,2015,2,16,rio de janeiro,16/02/2015,1569461.614,Clay,0,$,79,brasil
Abierto Mexicano,2015,2,23,acapulco,23/02/2015,1569461.614,Hard,0,$,87,mexico
Argentina Open,2015,2,23,buenos aires,23/02/2015,555366.7321,Clay,0,$,90,argentina
Dubai Tennis Championships,2015,2,23,dubaï,23/02/2015,2310677.321,Hard,0,$,7,united arab emirates
BNP Paribas Open,2015,3,12,indian wells,12/03/2015,5970550.189,Hard,0,$,19,usa
Sony Ericsson Open,2015,3,25,miami,25/03/2015,5970550.189,Hard,0,$,20,usa
Grand Prix Hassan II,2015,4,6,casablanca,6/04/2015,439405,Clay,0,euro,22,tunisia
U.S. Men's Clay Court Championships,2015,4,6,houston,6/04/2015,541691.9844,Clay,0,$,99,usa
Monte Carlo Masters,2015,4,12,monte-carlo,12/04/2015,3288530,Clay,0,euro,24,monaco
BRD Nastase Tiriac Trophy,2015,4,20,bucarest,20/04/2015,439405,Clay,0,euro,53,romania
Open Banco Sabadell,2015,4,20,barcelone,20/04/2015,1993230,Clay,0,euro,25,spain
BMW Open,2015,4,27,munich,27/04/2015,439405,Clay,0,euro,27,germany
Istanbul Open,2015,4,27,istanbul,27/04/2015,439405,Clay,0,euro,100,turkey
Millenium Estoril Open,2015,4,27,estoril,27/04/2015,439405,Clay,0,euro,23,portugal
Mutua Madrid Open,2015,5,3,madrid,3/05/2015,4185405,Clay,0,euro,107,spain
Internazionali BNL d'Italia,2015,5,10,rome,10/05/2015,3288530,Clay,0,euro,29,italy
Geneva Open,2015,5,17,genève,17/05/2015,439405,Clay,0,euro,98,switzerland
Open de Nice Côte d Azur,2015,5,17,nice,17/05/2015,439405,Clay,0,euro,111,france
French Open,2015,5,24,paris,24/05/2015,11024000,Clay,0,euro,32,france
Mercedes Cup,2015,6,8,stuttgart,8/06/2015,574965,Grass,0,euro,42,germany
Topshelf Open,2015,6,8,bois-le-duc,8/06/2015,537050,Grass,0,euro,36,dutchland
AEGON Championships,2015,6,15,londres,15/06/2015,1574640,Grass,0,euro,34,uk
Gerry Weber Open,2015,6,15,halle (westf.),15/06/2015,1574640,Grass,0,euro,33,germany
AEGON Open,2015,6,21,nottingham,21/06/2015,589160,Grass,0,euro,35,uk
Wimbledon,2015,6,29,wimbledon,29/06/2015,8004673.8,Grass,0,£,37,uk
Hall of Fame Championships,2015,7,13,newport,13/07/2015,541691.9844,Grass,0,$,40,usa
Claro Open Colombia,2015,7,20,bogota,20/07/2015,758368.7782,Hard,0,$,140,colombia
Konzum Croatia Open,2015,7,20,umag,20/07/2015,439405,Clay,0,euro,43,croatia
SkiStar Swedish Open,2015,7,20,båstad,20/07/2015,439405,Clay,0,euro,38,sweden
BB&T Atlanta Open,2015,7,27,atlanta,27/07/2015,650030.3813,Hard,0,$,21,usa
bet-at-home Open,2015,7,27,hambourg,27/07/2015,1285955,Clay,0,euro,30,germany
Suisse Open Gstaad,2015,7,27,gstaad,27/07/2015,439405,Clay,0,euro,39,switzerland
Citi Open,2015,8,3,washington,3/08/2015,1674049.857,Hard,0,$,50,usa
Generali Open,2015,8,3,kitzbühel,3/08/2015,439405,Clay,0,euro,44,austria
Rogers Masters,2015,8,10,montréal,10/08/2015,3980366.792,Hard,0,$,202,canada
Western & Southern Financial Group Masters,2015,8,16,cincinnati,16/08/2015,4245723.469,Hard,0,$,48,usa
Winston-Salem Open at Wake Forest University,2015,8,23,winston-salem,23/08/2015,683693.0057,Hard,0,$,120,usa
US Open,2015,8,31,flushing meadows,31/08/2015,19293210.61,Hard,0,$,52,usa
Open de Moselle,2015,9,21,metz,21/09/2015,439405,Hard,1,euro,230,france
St. Petersburg Open,2015,9,21,saint-pétersbourg,21/09/2015,1142798.39,Hard,1,$,65,russia
Malaysian Open,2015,9,28,kuala lumpur,28/09/2015,1040540.124,Hard,1,$,102,malaysia
Shenzhen Open,2015,9,28,shenzhen,28/09/2015,674517.3332,Hard,0,$,80,china
China Open,2015,10,5,pékin,5/10/2015,2996250.952,Hard,0,$,76,china
Rakuten Japan Open Tennis Championships,2015,10,5,tokyo,5/10/2015,1401364.847,Hard,0,$,57,japan
Shanghai Masters,2015,10,11,shanghai,11/10/2015,5307155.723,Hard,0,$,59,china
Erste Bank Open,2015,10,19,vienne,19/10/2015,1745040,Hard,1,euro,58,austria
Kremlin Cup,2015,10,19,moscou,19/10/2015,774800.6657,Hard,1,$,62,russia
Stockholm Open,2015,10,19,stockholm,19/10/2015,537050,Hard,1,euro,68,sweden
Swiss Indoors,2015,10,26,bâle,26/10/2015,1575295,Hard,1,euro,61,switzerland
Valencia Open 500,2015,10,26,valence,26/10/2015,537050,Hard,1,euro,85,spain
BNP Paribas Masters,2015,11,2,paris,2/11/2015,3288530,Hard,1,euro,66,france
Masters Cup,2015,11,15,londres,15/11/2015,7766591,Hard,1,$,300,uk
Brisbane International,2016,1,4,brisbane,3/01/2016,448052.1963,Hard,0,$,70,australia
Chennai Open,2016,1,4,chennai,4/01/2016,471025.9681,Hard,0,$,2,india
Qatar Exxon Mobil Open,2016,1,4,doha,4/01/2016,1316777.343,Hard,0,$,3,qatar
ASB Classic,2016,1,10,auckland,10/01/2016,513071.6786,Hard,0,$,4,new-zealand
Apia International,2016,1,11,sydney,11/01/2016,448052.1963,Hard,0,$,5,australia
Australian Open,2016,1,18,melbourne,18/01/2016,29323620.25,Hard,0,AU$,6,australia
Ecuador Open,2016,2,1,quito,1/02/2016,513071.6786,Clay,0,$,78,ecuador
Garanti Koza Sofia Open,2016,2,1,sofia,1/02/2016,463520,Hard,1,euro,81,bulgaria
Open Sud de France,2016,2,1,montpellier,1/02/2016,463520,Hard,1,euro,201,france
ABN AMRO World Tennis Tournament,2016,2,8,rotterdam,8/02/2016,1597155,Hard,1,euro,11,dutchland
Argentina Open,2016,2,8,buenos aires,8/02/2016,579430.5134,Clay,0,$,90,argentina
Memphis Open,2016,2,8,memphis,8/02/2016,684099.2611,Hard,1,$,10,usa
Delray Beach Open,2016,2,15,delray beach,15/02/2016,569020.0907,Hard,0,$,15,usa
Open 13,2016,2,15,marseille,15/02/2016,596790,Hard,1,euro,8,france
Rio Open,2016,2,15,rio de janeiro,15/02/2016,1475595.786,Clay,0,$,79,brasil
Abierto Mexicano,2016,2,22,acapulco,22/02/2016,1564718.081,Hard,0,$,87,mexico
Brasil Open,2016,2,22,são paulo,22/02/2016,482853.2267,Clay,0,$,93,brasil
Dubai Tennis Championships,2016,2,22,dubaï,22/02/2016,2489662.831,Hard,0,$,7,united arab emirates
BNP Paribas Open,2016,3,10,indian wells,10/03/2016,6790412.678,Hard,0,$,19,usa
Sony Ericsson Open,2016,3,23,miami,23/03/2016,6790412.678,Hard,0,$,20,usa
Grand Prix Hassan II,2016,4,4,marrakech,4/04/2016,463520,Clay,0,euro,22,tunisia
U.S. Men's Clay Court Championships,2016,4,4,houston,4/04/2016,570082.7176,Clay,0,$,99,usa
Monte Carlo Masters,2016,4,10,monte-carlo,10/04/2016,3748925,Clay,0,euro,24,monaco
BRD Nastase Tiriac Trophy,2016,4,18,bucarest,18/04/2016,463520,Clay,0,euro,53,romania
Open Banco Sabadell,2016,4,18,barcelone,18/04/2016,2152690,Clay,0,euro,25,spain
BMW Open,2016,4,25,munich,25/04/2016,463520,Clay,0,euro,27,germany
Istanbul Open,2016,4,25,istanbul,25/04/2016,426530,Clay,0,euro,100,turkey
Millenium Estoril Open,2016,4,25,estoril,25/04/2016,463520,Clay,0,euro,23,portugal
Mutua Madrid Open,2016,5,1,madrid,1/05/2016,4771360,Clay,0,euro,107,spain
Internazionali BNL d'Italia,2016,5,8,rome,8/05/2016,3748925,Clay,0,euro,29,italy
Geneva Open,2016,5,15,genève,15/05/2016,499645,Clay,0,euro,98,switzerland
Open de Nice Côte d Azur,2016,5,15,nice,15/05/2016,463520,Clay,0,euro,111,france
French Open,2016,5,22,paris,22/05/2016,16008750,Clay,0,euro,32,france
Mercedes Cup,2016,6,6,stuttgart,6/06/2016,606525,Grass,0,euro,42,germany
Topshelf Open,2016,6,6,bois-le-duc,6/06/2016,566525,Grass,0,euro,36,dutchland
AEGON Championships,2016,6,13,londres,13/06/2016,1802945,Grass,0,euro,34,uk
Gerry Weber Open,2016,6,13,halle (westf.),13/06/2016,1700610,Grass,0,euro,33,germany
AEGON Open,2016,6,19,nottingham,19/06/2016,648255,Grass,0,euro,35,uk
Wimbledon,2016,6,27,wimbledon,27/06/2016,10786854.73,Grass,0,£,37,uk
German Tennis Championships,2016,7,11,hambourg,11/07/2016,1388830,Clay,0,euro,30,germany
Hall of Fame Championships,2016,7,11,newport,11/07/2016,570082.7176,Grass,0,$,40,usa
SkiStar Swedish Open,2016,7,11,båstad,11/07/2016,463520,Clay,0,euro,38,sweden
Generali Open,2016,7,18,kitzbühel,18/07/2016,463520,Clay,0,euro,44,austria
Konzum Croatia Open,2016,7,18,umag,18/07/2016,463520,Clay,0,euro,43,croatia
Suisse Open Gstaad,2016,7,18,gstaad,18/07/2016,463520,Clay,0,euro,39,switzerland
Citi Open,2016,7,19,washington,18/07/2016,1803670.766,Hard,0,$,50,usa
Rogers Masters,2016,7,25,toronto,25/07/2016,4526945.475,Hard,0,$,202,canada
BB&T Atlanta Open,2016,8,1,atlanta,1/08/2016,684099.2611,Hard,0,$,21,usa
Abierto Mexicano Mifel,2016,8,10,cabo san lucas,8/08/2016,798110.2701,Hard,0,$,287,mexico
Western & Southern Financial Group Masters,2016,8,15,cincinnati,14/08/2016,4828737.044,Hard,0,$,48,usa
Winston-Salem Open at Wake Forest University,2016,8,21,winston-salem,21/08/2016,707593.2773,Hard,0,$,120,usa
US Open,2016,8,29,flushing meadows,29/08/2016,25626686.19,Hard,0,$,52,usa
Open de Moselle,2016,9,19,metz,19/09/2016,463520,Hard,1,euro,230,france
St. Petersburg Open,2016,9,19,saint-pétersbourg,19/09/2016,1022280.266,Hard,1,$,65,russia
Chengdu Open,2016,9,26,chengdu,26/09/2016,930811.3362,Hard,0,$,91,china
Shenzhen Open,2016,9,26,shenzhen,26/09/2016,709862.4284,Hard,0,$,80,china
China Open,2016,10,3,pékin,3/10/2016,3228337.945,Hard,0,$,76,china
Rakuten Japan Open Tennis Championships,2016,10,3,tokyo,3/10/2016,1514912.98,Hard,0,$,57,japan
Shanghai Masters,2016,10,9,shanghai,9/10/2016,6035925.455,Hard,0,$,59,china
European Open,2016,10,17,anvers,17/10/2016,566525,Hard,1,euro,272,belgium
Kremlin Cup,2016,10,17,moscou,17/10/2016,793926.1768,Hard,1,$,62,russia
Stockholm Open,2016,10,17,stockholm,17/10/2016,566525,Hard,1,euro,68,sweden
Erste Bank Open,2016,10,24,vienne,24/10/2016,1884645,Hard,1,euro,58,austria
Swiss Indoors,2016,10,24,bâle,24/10/2016,1701320,Hard,1,euro,61,switzerland
BNP Paribas Masters,2016,10,31,paris,31/10/2016,3748925,Hard,1,euro,66,france
Masters Cup,2016,11,13,londres,13/11/2016,7748321,Hard,1,$,300,uk
Brisbane International,2017,1,1,brisbane,1/01/2017,494102.0627,Hard,0,$,70,australia
Chennai Open,2017,1,2,chennai,2/01/2017,505511.8913,Hard,0,$,2,india
Qatar Exxon Mobil Open,2017,1,2,doha,2/01/2017,1397636.222,Hard,0,$,3,qatar
Apia International,2017,1,8,sydney,8/01/2017,494102.0627,Hard,0,$,5,australia
ASB Classic,2017,1,8,auckland,8/01/2017,508482.9655,Hard,0,$,4,new-zealand
Australian Open,2017,1,16,melbourne,16/01/2017,33330242.4,Hard,0,AU$,6,australia
Ecuador Open,2017,2,6,quito,6/02/2017,544576.4332,Clay,0,$,78,ecuador
Garanti Koza Sofia Open,2017,2,6,sofia,6/02/2017,482060,Hard,1,euro,81,bulgaria
Open Sud de France,2017,2,6,montpellier,6/02/2017,482060,Hard,1,euro,201,france
ABN AMRO World Tennis Tournament,2017,2,13,rotterdam,13/02/2017,1724930,Hard,1,euro,11,dutchland
Argentina Open,2017,2,13,buenos aires,13/02/2017,617576.7425,Clay,0,$,90,argentina
Memphis Open,2017,2,13,memphis,13/02/2017,726105.6765,Hard,1,$,10,usa
Delray Beach Open,2017,2,20,delray beach,20/02/2017,603958.3778,Hard,0,$,15,usa
Open 13,2017,2,20,marseille,20/02/2017,620660,Hard,1,euro,8,france
Rio Open,2017,2,20,rio de janeiro,20/02/2017,1651103.87,Clay,0,$,79,brasil
Abierto Mexicano,2017,2,27,acapulco,27/02/2017,1684712.029,Hard,0,$,87,mexico
Brasil Open,2017,2,27,são paulo,27/02/2017,514645.4026,Clay,0,$,93,brasil
Dubai Tennis Championships,2017,2,27,dubaï,27/02/2017,2744176.747,Hard,0,$,7,united arab emirates
BNP Paribas Open,2017,3,9,indian wells,9/03/2017,7900402.557,Hard,0,$,19,usa
Sony Ericsson Open,2017,3,22,miami,22/03/2017,7900402.557,Hard,0,$,20,usa
Grand Prix Hassan II,2017,4,10,marrakech,10/04/2017,482060,Clay,0,euro,22,tunisia
U.S. Men's Clay Court Championships,2017,4,10,houston,10/04/2017,605088.0638,Clay,0,$,99,usa
Monte Carlo Masters,2017,4,16,monte-carlo,16/04/2017,4273775,Clay,0,euro,24,monaco
Gazprom Hungarian Open,2017,4,24,budapest,24/04/2017,482060,Clay,0,euro,53,romania
Open Banco Sabadell ,2017,4,24,barcelone,24/04/2017,2324905,Clay,0,euro,25,spain
BMW Open,2017,5,1,munich,1/05/2017,482060,Clay,0,euro,27,germany
Istanbul Open,2017,5,1,istanbul,1/05/2017,439005,Clay,0,euro,100,turkey
Millenium Estoril Open,2017,5,1,estoril,1/05/2017,482060,Clay,0,euro,23,portugal
Mutua Madrid Open,2017,5,7,madrid,7/05/2017,5439350,Clay,0,euro,107,spain
Internazionali BNL d'Italia,2017,5,14,rome,14/05/2017,4273775,Clay,0,euro,29,italy
Geneva Open,2017,5,21,genève,21/05/2017,482060,Clay,0,euro,98,switzerland
Lyon Open,2017,5,21,lyon,21/05/2017,482060,Clay,0,euro,64,france
French Open,2017,5,28,paris,28/05/2017,16790000,Clay,0,euro,32,france
Mercedes Cup,2017,6,12,stuttgart,12/06/2017,630785,Grass,0,euro,42,germany
Ricoh Open,2017,6,12,bois-le-duc,12/06/2017,589185,Grass,0,euro,36,dutchland
AEGON Championships,2017,6,19,londres,19/06/2017,1836660,Grass,0,euro,34,uk
Gerry Weber Open,2017,6,19,halle (westf.),19/06/2017,1836660,Grass,0,euro,33,germany
Antalya Open,2017,6,25,antalya,25/06/2017,439005,Grass,0,euro,271,turkey
AEGON International,2017,6,26,eastbourne,26/06/2017,635660,Grass,0,euro,95,uk
Wimbledon,2017,7,3,wimbledon,3/07/2017,13009916.36,Grass,0,£,37,uk
Croatia Open,2017,7,17,umag,17/07/2017,482060,Clay,0,euro,43,croatia
Hall of Fame Championships,2017,7,17,newport,17/07/2017,605088.0638,Grass,0,$,40,usa
SkiStar Swedish Open,2017,7,17,båstad,17/07/2017,482060,Clay,0,euro,38,sweden
BB&T Atlanta Open,2017,7,24,atlanta,24/07/2017,726105.6765,Hard,0,$,21,usa
German Tennis Championships,2017,7,24,hambourg,24/07/2017,1499940,Clay,0,euro,30,germany
Suisse Open Gstaad,2017,7,24,gstaad,24/07/2017,482060,Clay,0,euro,39,switzerland
Citi Open,2017,7,31,washington,31/07/2017,1977040.875,Hard,0,$,50,usa
Generali Open,2017,7,31,kitzbühel,31/07/2017,482060,Clay,0,euro,44,austria
Abierto Mexicano Mifel,2017,8,1,cabo san lucas,31/07/2017,720056.208,Hard,0,$,287,mexico
Rogers Masters,2017,8,7,montréal,7/08/2017,5266935.038,Hard,0,$,202,canada
Western & Southern Financial Group Masters,2017,8,13,cincinnati,13/08/2017,5618064.04,Hard,0,$,48,usa
Winston-Salem Open at Wake Forest University,2017,8,20,winston-salem,20/08/2017,751043.495,Hard,0,$,120,usa
US Open,2017,8,28,flushing meadows,28/08/2017,27330945.27,Hard,0,$,52,usa
Open de Moselle,2017,9,18,metz,18/09/2017,482060,Hard,1,euro,230,france
St. Petersburg Open,2017,9,18,saint-pétersbourg,18/09/2017,1129686,Hard,1,$,65,russia
Chengdu Open,2017,9,25,chengdu,25/09/2017,1162316.98,Hard,0,$,91,china
Shenzhen Open,2017,9,25,shenzhen,25/09/2017,753455.3746,Hard,0,$,80,china
China Open,2017,10,2,pékin,2/10/2017,3420779.583,Hard,0,$,76,china
Rakuten Japan Open Tennis Championships,2017,10,2,tokyo,2/10/2017,1766597.318,Hard,0,$,57,japan
Shanghai Masters,2017,10,8,shanghai,8/10/2017,6693265.285,Hard,0,$,59,china
European Open,2017,10,16,anvers,16/10/2017,589185,Hard,1,euro,272,belgium
Kremlin Cup,2017,10,16,moscou,16/10/2017,842677.9748,Hard,1,$,62,russia
Stockholm Open,2017,10,17,stockholm,16/10/2017,589185,Hard,1,euro,68,sweden
Erste Bank Open,2017,10,23,vienne,23/10/2017,2035415,Hard,1,euro,58,austria
Swiss Indoors,2017,10,23,bâle,23/10/2017,1837425,Hard,1,euro,61,switzerland
BNP Paribas Masters,2017,10,30,paris,30/10/2017,4273775,Hard,1,euro,66,france
Masters Cup,2017,11,12,londres,12/11/2017,9037488,Hard,1,$,300,uk
Brisbane International,2018,1,1,brisbane,31/12/2017,575328.6556,Hard,0,$,70,australia
Qatar Exxon Mobil Open,2018,1,1,doha,1/01/2018,1578684.605,Hard,0,$,3,qatar
Tata Open,2018,1,1,pune,1/01/2018,615124.7464,Hard,0,$,2,india
ASB Classic,2018,1,7,auckland,7/01/2018,615124.7464,Hard,0,$,4,new-zealand
Sydney International,2018,1,7,sydney,7/01/2018,575328.6556,Hard,0,$,5,australia
Australian Open,2018,1,15,melbourne,15/01/2018,38873503.23,Hard,0,AU$,6,australia
Ecuador Open,2018,2,5,quito,5/02/2018,615124.7464,Clay,0,$,78,ecuador
Garanti Koza Sofia Open,2018,2,5,sofia,5/02/2018,501345,Hard,1,euro,81,bulgaria
Open Sud de France,2018,2,5,montpellier,5/02/2018,501345,Hard,1,euro,201,france
ABN AMRO World Tennis Tournament,2018,2,12,rotterdam,12/02/2018,1862925,Hard,1,euro,11,dutchland
Argentina Open,2018,2,12,buenos aires,12/02/2018,697140.1523,Clay,0,$,90,argentina
New York Open,2018,2,12,long island,12/02/2018,820166.3285,Hard,1,$,105,usa
Delray Beach Open,2018,2,19,delray beach,19/02/2018,682195.9135,Hard,0,$,15,usa
Open 13,2018,2,19,marseille,19/02/2018,645485,Hard,1,euro,8,france
Rio Open,2018,2,19,rio de janeiro,19/02/2018,2080690.788,Clay,0,$,79,brasil
Abierto Mexicano,2018,2,26,acapulco,26/02/2018,2015625.682,Hard,0,$,87,mexico
Brasil Open,2018,2,26,são paulo,26/02/2018,633357.2085,Clay,0,$,93,brasil
Dubai Tennis Championships,2018,2,26,dubaï,26/02/2018,3218882.297,Hard,0,$,7,united arab emirates
BNP Paribas Open,2018,3,8,indian wells,8/03/2018,9781893.846,Hard,0,$,19,usa
Sony Ericsson Open,2018,3,21,miami,21/03/2018,9781893.846,Hard,0,$,20,usa
Grand Prix Hassan II,2018,4,9,marrakech,9/04/2018,501345,Clay,0,euro,22,tunisia
U.S. Men's Clay Court Championships,2018,4,9,houston,9/04/2018,683471.9405,Clay,0,$,99,usa
Monte Carlo Masters,2018,4,15,monte-carlo,15/04/2018,4872105,Clay,0,euro,24,monaco
Gazprom Hungarian Open,2018,4,23,budapest,23/04/2018,501345,Clay,0,euro,53,romania
Open Banco Sabadell ,2018,4,23,barcelone,23/04/2018,2510900,Clay,0,euro,25,spain
Mutua Madrid Open,2018,5,6,madrid,6/05/2018,6200860,Clay,0,euro,107,spain
Internazionali BNL d'Italia,2018,5,13,rome,13/05/2018,4872105,Clay,0,euro,29,italy
Geneva Open,2018,5,20,genève,20/05/2018,501345,Clay,0,euro,98,switzerland
Lyon Open,2018,5,20,lyon,20/05/2018,501345,Clay,0,euro,64,france
French Open,2018,5,27,paris,27/05/2018,0,Clay,0,euro,32,france
BMW Open,2018,5,30,munich,30/04/2018,501345,Clay,0,euro,27,germany
Istanbul Open,2018,5,30,istanbul,30/04/2018,426145,Clay,0,euro,100,turkey
Millenium Estoril Open,2018,5,30,estoril,30/04/2018,501345,Clay,0,euro,23,portugal
Mercedes Cup,2018,6,11,stuttgart,11/06/2018,656015,Grass,0,euro,42,germany
Ricoh Open,2018,6,11,bois-le-duc,11/06/2018,612755,Grass,0,euro,36,dutchland
AEGON Championships,2018,6,18,londres,18/06/2018,1983595,Grass,0,euro,34,uk
Gerry Weber Open,2018,6,18,halle (westf.),18/06/2018,1983595,Grass,0,euro,33,germany
Antalya Open,2018,6,24,antalya,24/06/2018,426145,Grass,0,euro,271,turkey
AEGON International,2018,6,25,eastbourne,25/06/2018,661085,Grass,0,euro,95,uk
Wimbledon,2018,7,2,wimbledon,2/07/2018,0,Grass,0,£,37,uk
Croatia Open,2018,7,16,umag,16/07/2018,501345,Clay,0,euro,43,croatia
Hall of Fame Championships,2018,7,16,newport,16/07/2018,683471.9405,Grass,0,$,40,usa
SkiStar Swedish Open,2018,7,16,båstad,16/07/2018,501345,Clay,0,euro,38,sweden
BB&T Atlanta Open,2018,7,23,atlanta,23/07/2018,820166.3285,Hard,0,$,21,usa
German Tennis Championships,2018,7,23,hambourg,23/07/2018,1619935,Clay,0,euro,30,germany
Suisse Open Gstaad,2018,7,23,gstaad,23/07/2018,501345,Clay,0,euro,39,switzerland
Citi Open,2018,7,30,washington,30/07/2018,2319136.057,Hard,0,$,50,usa
Generali Open,2018,7,30,kitzbühel,30/07/2018,501345,Clay,0,euro,44,austria
Rogers Masters,2018,8,6,toronto,6/08/2018,6521264.609,Hard,0,$,202,canada
Western & Southern Financial Group Masters,2018,8,12,cincinnati,12/08/2018,6956015.583,Hard,0,$,48,usa
Winston-Salem Open at Wake Forest University,2018,8,19,winston-salem,19/08/2018,848330.9428,Hard,0,$,120,usa
US Open,2018,8,27,flushing meadows,27/08/2018,0,Hard,0,$,52,usa
Abierto Mexicano Mifel,2018,8,30,cabo san lucas,30/07/2018,877826.7968,Hard,0,$,287,mexico
Open de Moselle,2018,9,17,metz,17/09/2018,501345,Hard,1,euro,230,france
St. Petersburg Open,2018,9,17,saint-pétersbourg,17/09/2018,1330564.843,Hard,1,$,65,russia
Chengdu Open,2018,9,24,chengdu,24/09/2018,1312884.508,Hard,0,$,91,china
Shenzhen Open,2018,9,24,shenzhen,24/09/2018,900157.2686,Hard,0,$,80,china
China Open,2018,10,1,pékin,1/10/2018,4173908.725,Hard,0,$,76,china
Rakuten Japan Open Tennis Championships,2018,10,1,tokyo,1/10/2018,2186337.232,Hard,0,$,57,japan
Shanghai Masters,2018,10,7,shanghai,7/10/2018,8695019.478,Hard,0,$,59,china
European Open,2018,10,15,anvers,15/10/2018,612755,Hard,1,euro,272,belgium
Kremlin Cup,2018,10,15,moscou,15/10/2018,1119811.813,Hard,1,$,62,russia
Stockholm Open,2018,10,15,stockholm,15/10/2018,612755,Hard,1,euro,68,sweden
Erste Bank Open,2018,10,22,vienne,22/10/2018,2198250,Hard,1,euro,58,austria
Swiss Indoors,2018,10,22,bâle,22/10/2018,1984420,Hard,1,euro,61,switzerland
BNP Paribas Masters,2018,10,29,paris,29/10/2018,4872105,Hard,1,euro,66,france
Masters Cup,2018,11,11,londres,11/11/2018,10429066.5,Hard,1,$,300,uk
